symbol,date,close,high,low,open,volume,adjClose,adjHigh,adjLow,adjOpen,adjVolume,divCash,splitFactor
RELI,2016-02-02 00:00:00+00:00,0.6,0.6,0.6,0.6,433,0.6,0.6,0.6,0.6,433,0.0,1.0
RELI,2016-04-18 00:00:00+00:00,0.05,0.05,0.05,0.05,200,0.05,0.05,0.05,0.05,200,0.0,1.0
RELI,2016-04-19 00:00:00+00:00,0.62,0.62,0.62,0.62,200,0.62,0.62,0.62,0.62,200,0.0,1.0
RELI,2016-05-17 00:00:00+00:00,0.62,0.62,0.62,0.62,10,0.62,0.62,0.62,0.62,10,0.0,1.0
RELI,2016-06-17 00:00:00+00:00,0.11,0.11,0.11,0.11,3000,0.11,0.11,0.11,0.11,3000,0.0,1.0
RELI,2016-06-23 00:00:00+00:00,0.5,0.5,0.5,0.5,100,0.5,0.5,0.5,0.5,100,0.0,1.0
RELI,2016-07-05 00:00:00+00:00,0.5,0.5,0.5,0.5,100,0.5,0.5,0.5,0.5,100,0.0,1.0
RELI,2016-07-08 00:00:00+00:00,0.5,0.5,0.5,0.5,250,0.5,0.5,0.5,0.5,250,0.0,1.0
RELI,2016-07-15 00:00:00+00:00,0.5,0.5,0.5,0.5,2500,0.5,0.5,0.5,0.5,2500,0.0,1.0
RELI,2016-07-26 00:00:00+00:00,0.458,0.55,0.458,0.55,2500,0.458,0.55,0.458,0.55,2500,0.0,1.0
RELI,2016-12-16 00:00:00+00:00,0.54,0.54,0.54,0.54,2700,0.54,0.54,0.54,0.54,2700,0.0,1.0
RELI,2016-12-19 00:00:00+00:00,0.55,0.55,0.45,0.45,3000,0.55,0.55,0.45,0.45,3000,0.0,1.0
RELI,2016-12-21 00:00:00+00:00,0.55,0.55,0.55,0.55,90,0.55,0.55,0.55,0.55,90,0.0,1.0
RELI,2016-12-23 00:00:00+00:00,0.45,0.45,0.45,0.45,2500,0.45,0.45,0.45,0.45,2500,0.0,1.0
RELI,2016-12-28 00:00:00+00:00,0.45,0.45,0.45,0.45,2000,0.45,0.45,0.45,0.45,2000,0.0,1.0
RELI,2016-12-29 00:00:00+00:00,0.5,0.5,0.45,0.45,6600,0.5,0.5,0.45,0.45,6600,0.0,1.0
RELI,2017-01-03 00:00:00+00:00,0.5,0.5,0.5,0.5,25,0.5,0.5,0.5,0.5,25,0.0,1.0
RELI,2017-01-04 00:00:00+00:00,0.47,0.47,0.47,0.47,10075,0.47,0.47,0.47,0.47,10075,0.0,1.0
RELI,2017-01-06 00:00:00+00:00,0.49,0.49,0.49,0.49,1100,0.49,0.49,0.49,0.49,1100,0.0,1.0
RELI,2017-01-10 00:00:00+00:00,0.5,0.5,0.49,0.49,8675,0.5,0.5,0.49,0.49,8675,0.0,1.0
RELI,2017-01-12 00:00:00+00:00,0.454,0.454,0.454,0.454,1850,0.454,0.454,0.454,0.454,1850,0.0,1.0
RELI,2017-01-17 00:00:00+00:00,0.45,0.5,0.45,0.455,26000,0.45,0.5,0.45,0.455,26000,0.0,1.0
RELI,2017-01-19 00:00:00+00:00,0.5,0.5,0.45,0.45,3100,0.5,0.5,0.45,0.45,3100,0.0,1.0
RELI,2017-01-23 00:00:00+00:00,0.45,0.45,0.45,0.45,222,0.45,0.45,0.45,0.45,222,0.0,1.0
RELI,2017-01-24 00:00:00+00:00,0.45,0.45,0.45,0.45,1000,0.45,0.45,0.45,0.45,1000,0.0,1.0
RELI,2017-01-25 00:00:00+00:00,0.42,0.42,0.42,0.42,9523,0.42,0.42,0.42,0.42,9523,0.0,1.0
RELI,2017-01-27 00:00:00+00:00,0.45,0.45,0.45,0.45,100,0.45,0.45,0.45,0.45,100,0.0,1.0
RELI,2017-04-04 00:00:00+00:00,0.5,0.5,0.5,0.5,150,0.5,0.5,0.5,0.5,150,0.0,1.0
RELI,2017-04-07 00:00:00+00:00,0.3,0.3,0.3,0.3,10000,0.3,0.3,0.3,0.3,10000,0.0,1.0
RELI,2017-04-10 00:00:00+00:00,0.4,0.4,0.4,0.4,116,0.4,0.4,0.4,0.4,116,0.0,1.0
RELI,2017-04-18 00:00:00+00:00,0.35,0.35,0.35,0.35,5000,0.35,0.35,0.35,0.35,5000,0.0,1.0
RELI,2017-04-19 00:00:00+00:00,0.4,0.4,0.4,0.4,179,0.4,0.4,0.4,0.4,179,0.0,1.0
RELI,2017-04-20 00:00:00+00:00,0.354,0.354,0.354,0.354,100,0.354,0.354,0.354,0.354,100,0.0,1.0
RELI,2017-04-21 00:00:00+00:00,0.4,0.4,0.25,0.25,10112,0.4,0.4,0.25,0.25,10112,0.0,1.0
RELI,2017-04-24 00:00:00+00:00,0.37,0.37,0.37,0.37,10050,0.37,0.37,0.37,0.37,10050,0.0,1.0
RELI,2017-04-25 00:00:00+00:00,0.39,0.39,0.25,0.27,23400,0.39,0.39,0.25,0.27,23400,0.0,1.0
RELI,2017-04-26 00:00:00+00:00,0.25,0.25,0.25,0.25,10000,0.25,0.25,0.25,0.25,10000,0.0,1.0
RELI,2017-04-27 00:00:00+00:00,0.4,0.4,0.4,0.4,104,0.4,0.4,0.4,0.4,104,0.0,1.0
RELI,2017-05-02 00:00:00+00:00,0.396,0.396,0.202,0.202,8605,0.396,0.396,0.202,0.202,8605,0.0,1.0
RELI,2017-05-04 00:00:00+00:00,0.396,0.396,0.396,0.396,100,0.396,0.396,0.396,0.396,100,0.0,1.0
RELI,2017-05-08 00:00:00+00:00,0.366,0.366,0.2,0.2,10113,0.366,0.366,0.2,0.2,10113,0.0,1.0
RELI,2017-05-09 00:00:00+00:00,0.371,0.371,0.371,0.371,109,0.371,0.371,0.371,0.371,109,0.0,1.0
RELI,2017-05-10 00:00:00+00:00,0.371,0.371,0.371,0.371,111,0.371,0.371,0.371,0.371,111,0.0,1.0
RELI,2017-05-12 00:00:00+00:00,0.245,0.245,0.2,0.2,15800,0.245,0.245,0.2,0.2,15800,0.0,1.0
RELI,2017-05-15 00:00:00+00:00,0.361,0.361,0.361,0.361,125,0.361,0.361,0.361,0.361,125,0.0,1.0
RELI,2017-06-02 00:00:00+00:00,0.115,0.115,0.115,0.115,364,0.115,0.115,0.115,0.115,364,0.0,1.0
RELI,2017-06-06 00:00:00+00:00,0.25,0.25,0.25,0.25,0,0.25,0.25,0.25,0.25,0,0.0,1.0
RELI,2017-06-07 00:00:00+00:00,0.25,0.25,0.25,0.25,0,0.25,0.25,0.25,0.25,0,0.0,1.0
RELI,2017-06-08 00:00:00+00:00,0.25,0.25,0.25,0.25,0,0.25,0.25,0.25,0.25,0,0.0,1.0
RELI,2017-06-09 00:00:00+00:00,0.25,0.25,0.25,0.25,0,0.25,0.25,0.25,0.25,0,0.0,1.0
RELI,2017-06-12 00:00:00+00:00,0.25,0.25,0.25,0.25,0,0.25,0.25,0.25,0.25,0,0.0,1.0
RELI,2017-06-13 00:00:00+00:00,0.25,0.25,0.25,0.25,0,0.25,0.25,0.25,0.25,0,0.0,1.0
RELI,2017-06-14 00:00:00+00:00,0.25,0.25,0.25,0.25,0,0.25,0.25,0.25,0.25,0,0.0,1.0
RELI,2017-06-15 00:00:00+00:00,0.25,0.25,0.25,0.25,0,0.25,0.25,0.25,0.25,0,0.0,1.0
RELI,2017-06-16 00:00:00+00:00,0.25,0.25,0.25,0.25,0,0.25,0.25,0.25,0.25,0,0.0,1.0
RELI,2017-06-19 00:00:00+00:00,0.25,0.25,0.25,0.25,0,0.25,0.25,0.25,0.25,0,0.0,1.0
RELI,2017-06-20 00:00:00+00:00,0.25,0.25,0.25,0.25,0,0.25,0.25,0.25,0.25,0,0.0,1.0
RELI,2017-06-21 00:00:00+00:00,0.25,0.25,0.25,0.25,0,0.25,0.25,0.25,0.25,0,0.0,1.0
RELI,2017-06-22 00:00:00+00:00,0.25,0.25,0.25,0.25,0,0.25,0.25,0.25,0.25,0,0.0,1.0
RELI,2017-06-23 00:00:00+00:00,0.11,0.11,0.11,0.11,2350,0.11,0.11,0.11,0.11,2350,0.0,1.0
RELI,2017-06-26 00:00:00+00:00,0.11,0.11,0.11,0.11,0,0.11,0.11,0.11,0.11,0,0.0,1.0
RELI,2017-06-27 00:00:00+00:00,0.11,0.11,0.11,0.11,0,0.11,0.11,0.11,0.11,0,0.0,1.0
RELI,2017-06-28 00:00:00+00:00,0.11,0.11,0.11,0.11,0,0.11,0.11,0.11,0.11,0,0.0,1.0
RELI,2017-07-10 00:00:00+00:00,0.39,0.39,0.39,0.39,150,0.39,0.39,0.39,0.39,150,0.0,1.0
RELI,2017-07-13 00:00:00+00:00,0.39,0.39,0.39,0.39,0,0.39,0.39,0.39,0.39,0,0.0,1.0
RELI,2017-07-18 00:00:00+00:00,0.39,0.39,0.39,0.39,0,0.39,0.39,0.39,0.39,0,0.0,1.0
RELI,2017-07-19 00:00:00+00:00,0.12,0.1428,0.12,0.1428,600,0.12,0.1428,0.12,0.1428,600,0.0,1.0
RELI,2017-07-20 00:00:00+00:00,0.12,0.12,0.12,0.12,0,0.12,0.12,0.12,0.12,0,0.0,1.0
RELI,2017-07-21 00:00:00+00:00,0.12,0.12,0.12,0.12,0,0.12,0.12,0.12,0.12,0,0.0,1.0
RELI,2017-07-24 00:00:00+00:00,0.12,0.12,0.12,0.12,0,0.12,0.12,0.12,0.12,0,0.0,1.0
RELI,2017-07-25 00:00:00+00:00,0.133,0.133,0.133,0.133,5000,0.133,0.133,0.133,0.133,5000,0.0,1.0
RELI,2017-07-26 00:00:00+00:00,0.11,0.1365,0.11,0.1365,17450,0.11,0.1365,0.11,0.1365,17450,0.0,1.0
RELI,2017-07-28 00:00:00+00:00,0.063,0.063,0.063,0.063,10000,0.063,0.063,0.063,0.063,10000,0.0,1.0
RELI,2017-07-31 00:00:00+00:00,0.063,0.063,0.063,0.063,10000,0.063,0.063,0.063,0.063,10000,0.0,1.0
RELI,2017-08-01 00:00:00+00:00,0.063,0.063,0.063,0.063,0,0.063,0.063,0.063,0.063,0,0.0,1.0
RELI,2017-08-02 00:00:00+00:00,0.063,0.063,0.063,0.063,0,0.063,0.063,0.063,0.063,0,0.0,1.0
RELI,2017-08-07 00:00:00+00:00,0.063,0.063,0.063,0.063,0,0.063,0.063,0.063,0.063,0,0.0,1.0
RELI,2017-08-08 00:00:00+00:00,0.063,0.063,0.063,0.063,0,0.063,0.063,0.063,0.063,0,0.0,1.0
RELI,2017-08-09 00:00:00+00:00,0.063,0.063,0.063,0.063,0,0.063,0.063,0.063,0.063,0,0.0,1.0
RELI,2017-08-10 00:00:00+00:00,0.053,0.11,0.053,0.11,479,0.053,0.11,0.053,0.11,479,0.0,1.0
RELI,2017-08-11 00:00:00+00:00,0.053,0.053,0.053,0.053,0,0.053,0.053,0.053,0.053,0,0.0,1.0
RELI,2017-08-14 00:00:00+00:00,0.26,0.26,0.26,0.26,100,0.26,0.26,0.26,0.26,100,0.0,1.0
RELI,2017-08-15 00:00:00+00:00,0.26,0.26,0.26,0.26,0,0.26,0.26,0.26,0.26,0,0.0,1.0
RELI,2017-08-16 00:00:00+00:00,0.26,0.26,0.26,0.26,0,0.26,0.26,0.26,0.26,0,0.0,1.0
RELI,2017-08-17 00:00:00+00:00,0.14,0.2,0.14,0.15,18500,0.14,0.2,0.14,0.15,18500,0.0,1.0
RELI,2017-08-18 00:00:00+00:00,0.1,0.13,0.1,0.13,6600,0.1,0.13,0.1,0.13,6600,0.0,1.0
RELI,2017-08-21 00:00:00+00:00,0.07,0.07,0.07,0.07,800,0.07,0.07,0.07,0.07,800,0.0,1.0
RELI,2017-08-22 00:00:00+00:00,0.07,0.07,0.07,0.07,0,0.07,0.07,0.07,0.07,0,0.0,1.0
RELI,2017-08-23 00:00:00+00:00,0.07,0.07,0.07,0.07,0,0.07,0.07,0.07,0.07,0,0.0,1.0
RELI,2017-08-24 00:00:00+00:00,0.07,0.125,0.07,0.125,39038,0.07,0.125,0.07,0.125,39038,0.0,1.0
RELI,2017-08-25 00:00:00+00:00,0.07,0.07,0.07,0.07,0,0.07,0.07,0.07,0.07,0,0.0,1.0
RELI,2017-08-28 00:00:00+00:00,0.1,0.1,0.1,0.1,1000,0.1,0.1,0.1,0.1,1000,0.0,1.0
RELI,2017-08-29 00:00:00+00:00,0.1,0.1,0.1,0.1,5310,0.1,0.1,0.1,0.1,5310,0.0,1.0
RELI,2017-08-30 00:00:00+00:00,0.07,0.07,0.07,0.07,10000,0.07,0.07,0.07,0.07,10000,0.0,1.0
RELI,2017-08-31 00:00:00+00:00,0.07,0.07,0.07,0.07,0,0.07,0.07,0.07,0.07,0,0.0,1.0
RELI,2017-09-05 00:00:00+00:00,0.07,0.07,0.07,0.07,0,0.07,0.07,0.07,0.07,0,0.0,1.0
RELI,2017-09-06 00:00:00+00:00,0.07,0.07,0.07,0.07,0,0.07,0.07,0.07,0.07,0,0.0,1.0
RELI,2017-09-07 00:00:00+00:00,0.07,0.07,0.07,0.07,0,0.07,0.07,0.07,0.07,0,0.0,1.0
RELI,2017-09-12 00:00:00+00:00,0.07,0.07,0.07,0.07,0,0.07,0.07,0.07,0.07,0,0.0,1.0
RELI,2017-09-13 00:00:00+00:00,0.07,0.07,0.07,0.07,0,0.07,0.07,0.07,0.07,0,0.0,1.0
RELI,2017-09-14 00:00:00+00:00,0.07,0.07,0.07,0.07,0,0.07,0.07,0.07,0.07,0,0.0,1.0
RELI,2017-09-15 00:00:00+00:00,0.075,0.085,0.075,0.085,26500,0.075,0.085,0.075,0.085,26500,0.0,1.0
RELI,2017-09-18 00:00:00+00:00,0.08,0.08,0.075,0.075,22304,0.08,0.08,0.075,0.075,22304,0.0,1.0
RELI,2017-09-28 00:00:00+00:00,0.09,0.1,0.08,0.08,88000,0.09,0.1,0.08,0.08,88000,0.0,1.0
RELI,2017-10-02 00:00:00+00:00,0.08,0.08,0.08,0.08,10000,0.08,0.08,0.08,0.08,10000,0.0,1.0
RELI,2017-10-06 00:00:00+00:00,0.056,0.056,0.056,0.056,30000,0.056,0.056,0.056,0.056,30000,0.0,1.0
RELI,2017-10-09 00:00:00+00:00,0.0666,0.0666,0.04,0.04,40100,0.0666,0.0666,0.04,0.04,40100,0.0,1.0
RELI,2017-10-10 00:00:00+00:00,0.032,0.035,0.032,0.035,40000,0.032,0.035,0.032,0.035,40000,0.0,1.0
RELI,2017-10-11 00:00:00+00:00,0.03,0.04,0.03,0.038,125000,0.03,0.04,0.03,0.038,125000,0.0,1.0
RELI,2017-10-12 00:00:00+00:00,0.025,0.025,0.02,0.025,80000,0.025,0.025,0.02,0.025,80000,0.0,1.0
RELI,2017-10-13 00:00:00+00:00,0.03,0.04,0.025,0.03,120000,0.03,0.04,0.025,0.03,120000,0.0,1.0
RELI,2017-10-17 00:00:00+00:00,0.015,0.0175,0.015,0.0175,100000,0.015,0.0175,0.015,0.0175,100000,0.0,1.0
RELI,2017-10-18 00:00:00+00:00,0.02,0.029,0.0102,0.029,450100,0.02,0.029,0.0102,0.029,450100,0.0,1.0
RELI,2017-10-19 00:00:00+00:00,0.027,0.027,0.012,0.012,140000,0.027,0.027,0.012,0.012,140000,0.0,1.0
RELI,2017-10-20 00:00:00+00:00,0.0296,0.032,0.024,0.0275,364000,0.0296,0.032,0.024,0.0275,364000,0.0,1.0
RELI,2017-10-23 00:00:00+00:00,0.02,0.026,0.02,0.026,237160,0.02,0.026,0.02,0.026,237160,0.0,1.0
RELI,2017-10-24 00:00:00+00:00,0.013,0.0177,0.0125,0.0177,204255,0.013,0.0177,0.0125,0.0177,204255,0.0,1.0
RELI,2017-10-25 00:00:00+00:00,0.011,0.013,0.008,0.013,360722,0.011,0.013,0.008,0.013,360722,0.0,1.0
RELI,2017-10-26 00:00:00+00:00,0.0089,0.012,0.0089,0.0091,411794,0.0089,0.012,0.0089,0.0091,411794,0.0,1.0
RELI,2017-10-30 00:00:00+00:00,0.008,0.008,0.006,0.008,2550917,0.008,0.008,0.006,0.008,2550917,0.0,1.0
RELI,2017-10-31 00:00:00+00:00,0.0075,0.019,0.0075,0.00975,3465114,0.0075,0.019,0.0075,0.00975,3465114,0.0,1.0
RELI,2017-11-01 00:00:00+00:00,0.0085,0.0175,0.008,0.008,7081711,0.0085,0.0175,0.008,0.008,7081711,0.0,1.0
RELI,2017-11-02 00:00:00+00:00,0.0071,0.0095,0.0064,0.008,3335324,0.0071,0.0095,0.0064,0.008,3335324,0.0,1.0
RELI,2017-11-03 00:00:00+00:00,0.006,0.0072,0.0052,0.0071,2310897,0.006,0.0072,0.0052,0.0071,2310897,0.0,1.0
RELI,2017-11-06 00:00:00+00:00,0.0065,0.0065,0.0044,0.0055,2864774,0.0065,0.0065,0.0044,0.0055,2864774,0.0,1.0
RELI,2017-11-07 00:00:00+00:00,0.0055,0.0065,0.0046,0.0065,850903,0.0055,0.0065,0.0046,0.0065,850903,0.0,1.0
RELI,2017-11-08 00:00:00+00:00,0.0056,0.006,0.0056,0.0056,109500,0.0056,0.006,0.0056,0.0056,109500,0.0,1.0
RELI,2017-11-09 00:00:00+00:00,0.005508,0.005508,0.004,0.0045,709164,0.005508,0.005508,0.004,0.0045,709164,0.0,1.0
RELI,2017-11-10 00:00:00+00:00,0.004,0.0045,0.0033,0.0045,962500,0.004,0.0045,0.0033,0.0045,962500,0.0,1.0
RELI,2017-11-13 00:00:00+00:00,0.003,0.0035,0.003,0.0035,4905418,0.003,0.0035,0.003,0.0035,4905418,0.0,1.0
RELI,2017-11-14 00:00:00+00:00,0.0035,0.0035,0.003,0.003,215000,0.0035,0.0035,0.003,0.003,215000,0.0,1.0
RELI,2017-11-15 00:00:00+00:00,0.0025,0.003,0.002463,0.003,1574022,0.0025,0.003,0.002463,0.003,1574022,0.0,1.0
RELI,2017-11-16 00:00:00+00:00,0.0057,0.0069,0.0026,0.00295,8237148,0.0057,0.0069,0.0026,0.00295,8237148,0.0,1.0
RELI,2017-11-17 00:00:00+00:00,0.0034,0.0059,0.003,0.0059,4571372,0.0034,0.0059,0.003,0.0059,4571372,0.0,1.0
RELI,2017-11-20 00:00:00+00:00,0.003,0.0039,0.003,0.0039,522835,0.003,0.0039,0.003,0.0039,522835,0.0,1.0
RELI,2017-11-21 00:00:00+00:00,0.0037,0.0037,0.0028,0.0032,542356,0.0037,0.0037,0.0028,0.0032,542356,0.0,1.0
RELI,2017-11-22 00:00:00+00:00,0.0034,0.0035,0.0028,0.0035,1772200,0.0034,0.0035,0.0028,0.0035,1772200,0.0,1.0
RELI,2017-11-24 00:00:00+00:00,0.0035,0.0035,0.002955,0.0031,602333,0.0035,0.0035,0.002955,0.0031,602333,0.0,1.0
RELI,2017-11-27 00:00:00+00:00,0.0036,0.0036,0.0028,0.0035,2252633,0.0036,0.0036,0.0028,0.0035,2252633,0.0,1.0
RELI,2017-11-28 00:00:00+00:00,0.003,0.00359,0.003,0.00359,82400,0.003,0.00359,0.003,0.00359,82400,0.0,1.0
RELI,2017-11-29 00:00:00+00:00,0.00296,0.0036,0.0026,0.0036,2406000,0.00296,0.0036,0.0026,0.0036,2406000,0.0,1.0
RELI,2017-11-30 00:00:00+00:00,0.0029,0.0029,0.0026,0.0029,551000,0.0029,0.0029,0.0026,0.0029,551000,0.0,1.0
RELI,2017-12-01 00:00:00+00:00,0.003,0.003,0.0025,0.0026,1651000,0.003,0.003,0.0025,0.0026,1651000,0.0,1.0
RELI,2017-12-04 00:00:00+00:00,0.0029,0.0034,0.0028,0.0034,462461,0.0029,0.0034,0.0028,0.0034,462461,0.0,1.0
RELI,2017-12-05 00:00:00+00:00,0.0028,0.0032,0.0025,0.003,5161800,0.0028,0.0032,0.0025,0.003,5161800,0.0,1.0
RELI,2017-12-06 00:00:00+00:00,0.0028,0.0031,0.0027,0.0028,2951000,0.0028,0.0031,0.0027,0.0028,2951000,0.0,1.0
RELI,2017-12-07 00:00:00+00:00,0.0027,0.0027,0.002561,0.0027,1146370,0.0027,0.0027,0.002561,0.0027,1146370,0.0,1.0
RELI,2017-12-08 00:00:00+00:00,0.00295,0.00295,0.00295,0.00295,10000,0.00295,0.00295,0.00295,0.00295,10000,0.0,1.0
RELI,2017-12-11 00:00:00+00:00,0.003,0.003,0.0021,0.0027,36000,0.003,0.003,0.0021,0.0027,36000,0.0,1.0
RELI,2017-12-12 00:00:00+00:00,0.0029,0.0029,0.0021,0.0021,19181,0.0029,0.0029,0.0021,0.0021,19181,0.0,1.0
RELI,2017-12-13 00:00:00+00:00,0.0029,0.0029,0.0025,0.0027,1866240,0.0029,0.0029,0.0025,0.0027,1866240,0.0,1.0
RELI,2017-12-14 00:00:00+00:00,0.0025,0.0025,0.0021,0.0022,1181661,0.0025,0.0025,0.0021,0.0022,1181661,0.0,1.0
RELI,2017-12-15 00:00:00+00:00,0.0023,0.0025,0.0023,0.0024,2675000,0.0023,0.0025,0.0023,0.0024,2675000,0.0,1.0
RELI,2017-12-18 00:00:00+00:00,0.0023,0.0024,0.0023,0.0024,317799,0.0023,0.0024,0.0023,0.0024,317799,0.0,1.0
RELI,2017-12-19 00:00:00+00:00,0.002266,0.0023,0.002266,0.0023,3582480,0.002266,0.0023,0.002266,0.0023,3582480,0.0,1.0
RELI,2017-12-20 00:00:00+00:00,0.0024,0.00245,0.0024,0.00245,100000,0.0024,0.00245,0.0024,0.00245,100000,0.0,1.0
RELI,2017-12-21 00:00:00+00:00,0.0032,0.0033,0.0028,0.0028,995000,0.0032,0.0033,0.0028,0.0028,995000,0.0,1.0
RELI,2017-12-22 00:00:00+00:00,0.0025,0.0031,0.0025,0.0031,164533,0.0025,0.0031,0.0025,0.0031,164533,0.0,1.0
RELI,2017-12-26 00:00:00+00:00,0.0026,0.0027,0.0026,0.0027,36900,0.0026,0.0027,0.0026,0.0027,36900,0.0,1.0
RELI,2017-12-27 00:00:00+00:00,0.0028,0.0028,0.0023,0.0024,120000,0.0028,0.0028,0.0023,0.0024,120000,0.0,1.0
RELI,2017-12-28 00:00:00+00:00,0.0023,0.0023,0.0022,0.0022,18712,0.0023,0.0023,0.0022,0.0022,18712,0.0,1.0
RELI,2017-12-29 00:00:00+00:00,0.0023,0.0023,0.0023,0.0023,916547,0.0023,0.0023,0.0023,0.0023,916547,0.0,1.0
RELI,2018-01-02 00:00:00+00:00,0.0025,0.0025,0.0025,0.0025,66000,0.0025,0.0025,0.0025,0.0025,66000,0.0,1.0
RELI,2018-01-03 00:00:00+00:00,0.0031,0.0032,0.0025,0.0025,1964322,0.0031,0.0032,0.0025,0.0025,1964322,0.0,1.0
RELI,2018-01-04 00:00:00+00:00,0.0031,0.0031,0.0028,0.0028,34000,0.0031,0.0031,0.0028,0.0028,34000,0.0,1.0
RELI,2018-01-05 00:00:00+00:00,0.0031,0.0031,0.00298,0.0031,184800,0.0031,0.0031,0.00298,0.0031,184800,0.0,1.0
RELI,2018-01-08 00:00:00+00:00,0.0031,0.0032,0.0028,0.0031,380600,0.0031,0.0032,0.0028,0.0031,380600,0.0,1.0
RELI,2018-01-10 00:00:00+00:00,0.0034,0.0034,0.0034,0.0034,100000,0.0034,0.0034,0.0034,0.0034,100000,0.0,1.0
RELI,2018-01-11 00:00:00+00:00,0.0042,0.0048,0.0034,0.0034,909400,0.0042,0.0048,0.0034,0.0034,909400,0.0,1.0
RELI,2018-01-12 00:00:00+00:00,0.007,0.0074,0.0043,0.0044,3461330,0.007,0.0074,0.0043,0.0044,3461330,0.0,1.0
RELI,2018-01-16 00:00:00+00:00,0.0063,0.0073,0.0045,0.0073,410000,0.0063,0.0073,0.0045,0.0073,410000,0.0,1.0
RELI,2018-01-17 00:00:00+00:00,0.0062,0.0062,0.005,0.005,119877,0.0062,0.0062,0.005,0.005,119877,0.0,1.0
RELI,2018-01-18 00:00:00+00:00,0.006,0.0064,0.0059,0.0064,229539,0.006,0.0064,0.0059,0.0064,229539,0.0,1.0
RELI,2018-01-19 00:00:00+00:00,0.0048,0.006,0.0038,0.006,331883,0.0048,0.006,0.0038,0.006,331883,0.0,1.0
RELI,2018-01-22 00:00:00+00:00,0.0059,0.006,0.005,0.005,128787,0.0059,0.006,0.005,0.005,128787,0.0,1.0
RELI,2018-01-23 00:00:00+00:00,0.006,0.006,0.0058,0.006,498168,0.006,0.006,0.0058,0.006,498168,0.0,1.0
RELI,2018-01-24 00:00:00+00:00,0.005,0.007,0.005,0.00645,338000,0.005,0.007,0.005,0.00645,338000,0.0,1.0
RELI,2018-01-25 00:00:00+00:00,0.005,0.006,0.005,0.0052,561731,0.005,0.006,0.005,0.0052,561731,0.0,1.0
RELI,2018-01-26 00:00:00+00:00,0.0045,0.0047,0.0045,0.0047,110000,0.0045,0.0047,0.0045,0.0047,110000,0.0,1.0
RELI,2018-01-29 00:00:00+00:00,0.0051,0.00553,0.0039,0.004,222309,0.0051,0.00553,0.0039,0.004,222309,0.0,1.0
RELI,2018-01-30 00:00:00+00:00,0.005,0.005,0.005,0.005,160769,0.005,0.005,0.005,0.005,160769,0.0,1.0
RELI,2018-01-31 00:00:00+00:00,0.005,0.005,0.005,0.005,50025,0.005,0.005,0.005,0.005,50025,0.0,1.0
RELI,2018-02-01 00:00:00+00:00,0.005,0.005,0.005,0.005,40000,0.005,0.005,0.005,0.005,40000,0.0,1.0
RELI,2018-02-02 00:00:00+00:00,0.0043,0.005,0.0043,0.005,113000,0.0043,0.005,0.0043,0.005,113000,0.0,1.0
RELI,2018-02-05 00:00:00+00:00,0.0038,0.0038,0.0038,0.0038,1400,0.0038,0.0038,0.0038,0.0038,1400,0.0,1.0
RELI,2018-02-07 00:00:00+00:00,0.0048,0.0048,0.0046,0.0048,120500,0.0048,0.0048,0.0046,0.0048,120500,0.0,1.0
RELI,2018-02-08 00:00:00+00:00,0.0065,0.0065,0.005,0.005,271796,0.0065,0.0065,0.005,0.005,271796,0.0,1.0
RELI,2018-02-12 00:00:00+00:00,0.0065,0.007,0.0049,0.007,119035,0.0065,0.007,0.0049,0.007,119035,0.0,1.0
RELI,2018-02-20 00:00:00+00:00,0.0039,0.007,0.0039,0.007,83522,0.0039,0.007,0.0039,0.007,83522,0.0,1.0
RELI,2018-02-21 00:00:00+00:00,0.0056,0.0056,0.0038,0.0042,280000,0.0056,0.0056,0.0038,0.0042,280000,0.0,1.0
RELI,2018-02-22 00:00:00+00:00,0.005,0.0053,0.00455,0.0053,80335,0.005,0.0053,0.00455,0.0053,80335,0.0,1.0
RELI,2018-02-26 00:00:00+00:00,0.0038,0.0038,0.0038,0.0038,27333,0.0038,0.0038,0.0038,0.0038,27333,0.0,1.0
RELI,2018-02-27 00:00:00+00:00,0.0047,0.0049,0.0047,0.0049,28500,0.0047,0.0049,0.0047,0.0049,28500,0.0,1.0
RELI,2018-03-01 00:00:00+00:00,0.0044,0.0047,0.0044,0.0047,55000,0.0044,0.0047,0.0044,0.0047,55000,0.0,1.0
RELI,2018-03-02 00:00:00+00:00,0.007,0.007,0.00521,0.0053,189444,0.007,0.007,0.00521,0.0053,189444,0.0,1.0
RELI,2018-03-05 00:00:00+00:00,0.006,0.006,0.006,0.006,15500,0.006,0.006,0.006,0.006,15500,0.0,1.0
RELI,2018-03-06 00:00:00+00:00,0.006,0.006,0.006,0.006,97000,0.006,0.006,0.006,0.006,97000,0.0,1.0
RELI,2018-03-08 00:00:00+00:00,0.0041,0.0062,0.0041,0.0062,97074,0.0041,0.0062,0.0041,0.0062,97074,0.0,1.0
RELI,2018-03-09 00:00:00+00:00,0.004,0.00434,0.004,0.004,44444,0.004,0.00434,0.004,0.004,44444,0.0,1.0
RELI,2018-03-13 00:00:00+00:00,0.0038,0.004,0.0038,0.004,25832,0.0038,0.004,0.0038,0.004,25832,0.0,1.0
RELI,2018-03-23 00:00:00+00:00,0.005,0.005,0.005,0.005,152991,0.005,0.005,0.005,0.005,152991,0.0,1.0
RELI,2018-03-28 00:00:00+00:00,0.004,0.0055,0.004,0.005,47692,0.004,0.0055,0.004,0.005,47692,0.0,1.0
RELI,2018-04-02 00:00:00+00:00,0.0058,0.0058,0.0055,0.0055,125100,0.0058,0.0058,0.0055,0.0055,125100,0.0,1.0
RELI,2018-04-03 00:00:00+00:00,0.00541,0.0055,0.005,0.005,430000,0.00541,0.0055,0.005,0.005,430000,0.0,1.0
RELI,2018-04-05 00:00:00+00:00,0.0057,0.0057,0.0045,0.005,110000,0.0057,0.0057,0.0045,0.005,110000,0.0,1.0
RELI,2018-04-09 00:00:00+00:00,0.0218,0.027,0.0055,0.0057,8306717,0.0218,0.027,0.0055,0.0057,8306717,0.0,1.0
RELI,2018-04-10 00:00:00+00:00,0.022,0.031,0.015,0.0219,7473378,0.022,0.031,0.015,0.0219,7473378,0.0,1.0
RELI,2018-04-11 00:00:00+00:00,0.0169,0.022,0.0131,0.022,1122243,0.0169,0.022,0.0131,0.022,1122243,0.0,1.0
RELI,2018-04-12 00:00:00+00:00,0.021,0.021,0.0121,0.017,1646008,0.021,0.021,0.0121,0.017,1646008,0.0,1.0
RELI,2018-04-13 00:00:00+00:00,0.02,0.024,0.016,0.021,1023763,0.02,0.024,0.016,0.021,1023763,0.0,1.0
RELI,2018-04-16 00:00:00+00:00,0.024,0.025,0.0193,0.025,847513,0.024,0.025,0.0193,0.025,847513,0.0,1.0
RELI,2018-04-17 00:00:00+00:00,0.0201,0.024,0.02,0.024,153222,0.0201,0.024,0.02,0.024,153222,0.0,1.0
RELI,2018-04-18 00:00:00+00:00,0.022,0.022,0.0201,0.0201,171900,0.022,0.022,0.0201,0.0201,171900,0.0,1.0
RELI,2018-04-19 00:00:00+00:00,0.0199,0.022,0.0194,0.022,216000,0.0199,0.022,0.0194,0.022,216000,0.0,1.0
RELI,2018-04-20 00:00:00+00:00,0.02,0.0213,0.018,0.018,242354,0.02,0.0213,0.018,0.018,242354,0.0,1.0
RELI,2018-04-23 00:00:00+00:00,0.0199,0.0213,0.01895,0.0213,40300,0.0199,0.0213,0.01895,0.0213,40300,0.0,1.0
RELI,2018-04-24 00:00:00+00:00,0.021,0.0212,0.018,0.0199,148072,0.021,0.0212,0.018,0.0199,148072,0.0,1.0
RELI,2018-04-25 00:00:00+00:00,0.0199,0.021,0.0199,0.02015,235621,0.0199,0.021,0.0199,0.02015,235621,0.0,1.0
RELI,2018-04-26 00:00:00+00:00,0.0249,0.0249,0.0111,0.019,1485226,0.0249,0.0249,0.0111,0.019,1485226,0.0,1.0
RELI,2018-04-27 00:00:00+00:00,0.0229,0.025,0.0191,0.025,303511,0.0229,0.025,0.0191,0.025,303511,0.0,1.0
RELI,2018-04-30 00:00:00+00:00,0.0242,0.0249,0.0191,0.0228,122478,0.0242,0.0249,0.0191,0.0228,122478,0.0,1.0
RELI,2018-05-01 00:00:00+00:00,0.0203,0.0242,0.02025,0.0242,211600,0.0203,0.0242,0.02025,0.0242,211600,0.0,1.0
RELI,2018-05-02 00:00:00+00:00,0.0241,0.0242,0.0203,0.0229,411352,0.0241,0.0242,0.0203,0.0229,411352,0.0,1.0
RELI,2018-05-03 00:00:00+00:00,0.0239,0.0241,0.0203,0.0241,37928,0.0239,0.0241,0.0203,0.0241,37928,0.0,1.0
RELI,2018-05-04 00:00:00+00:00,0.023,0.0239,0.0203,0.0203,452625,0.023,0.0239,0.0203,0.0203,452625,0.0,1.0
RELI,2018-05-07 00:00:00+00:00,0.023,0.023,0.023,0.023,86956,0.023,0.023,0.023,0.023,86956,0.0,1.0
RELI,2018-05-08 00:00:00+00:00,0.023,0.023,0.0215,0.0215,58000,0.023,0.023,0.0215,0.0215,58000,0.0,1.0
RELI,2018-05-09 00:00:00+00:00,0.024,0.025,0.0135,0.023,400360,0.024,0.025,0.0135,0.023,400360,0.0,1.0
RELI,2018-05-10 00:00:00+00:00,0.026,0.0265,0.0176,0.0265,348000,0.026,0.0265,0.0176,0.0265,348000,0.0,1.0
RELI,2018-05-11 00:00:00+00:00,0.025,0.026,0.024,0.026,76300,0.025,0.026,0.024,0.026,76300,0.0,1.0
RELI,2018-05-14 00:00:00+00:00,0.0259,0.026,0.025,0.026,116709,0.0259,0.026,0.025,0.026,116709,0.0,1.0
RELI,2018-05-15 00:00:00+00:00,0.024,0.024,0.017,0.0193,425400,0.024,0.024,0.017,0.0193,425400,0.0,1.0
RELI,2018-05-16 00:00:00+00:00,0.023,0.024,0.02,0.024,123808,0.023,0.024,0.02,0.024,123808,0.0,1.0
RELI,2018-05-17 00:00:00+00:00,0.0234,0.024,0.0209,0.024,38200,0.0234,0.024,0.0209,0.024,38200,0.0,1.0
RELI,2018-05-18 00:00:00+00:00,0.024,0.024,0.0228,0.0228,138659,0.024,0.024,0.0228,0.0228,138659,0.0,1.0
RELI,2018-05-21 00:00:00+00:00,0.022,0.023,0.018,0.01894,70200,0.022,0.023,0.018,0.01894,70200,0.0,1.0
RELI,2018-05-22 00:00:00+00:00,0.0238,0.0239,0.02,0.022,152380,0.0238,0.0239,0.02,0.022,152380,0.0,1.0
RELI,2018-05-23 00:00:00+00:00,0.0239,0.0239,0.0239,0.0239,100,0.0239,0.0239,0.0239,0.0239,100,0.0,1.0
RELI,2018-05-24 00:00:00+00:00,0.0239,0.0239,0.0239,0.0239,21610,0.0239,0.0239,0.0239,0.0239,21610,0.0,1.0
RELI,2018-05-25 00:00:00+00:00,0.02,0.023,0.014,0.01855,272400,0.02,0.023,0.014,0.01855,272400,0.0,1.0
RELI,2018-05-29 00:00:00+00:00,0.02,0.02,0.02,0.02,9200,0.02,0.02,0.02,0.02,9200,0.0,1.0
RELI,2018-05-30 00:00:00+00:00,0.015,0.0151,0.0125,0.0151,255750,0.015,0.0151,0.0125,0.0151,255750,0.0,1.0
RELI,2018-05-31 00:00:00+00:00,0.0175,0.02,0.012,0.0185,930565,0.0175,0.02,0.012,0.0185,930565,0.0,1.0
RELI,2018-06-01 00:00:00+00:00,0.017,0.017,0.017,0.017,29000,0.017,0.017,0.017,0.017,29000,0.0,1.0
RELI,2018-06-04 00:00:00+00:00,0.018,0.0185,0.0165,0.0185,40665,0.018,0.0185,0.0165,0.0185,40665,0.0,1.0
RELI,2018-06-05 00:00:00+00:00,0.018,0.018,0.0175,0.0175,22907,0.018,0.018,0.0175,0.0175,22907,0.0,1.0
RELI,2018-06-06 00:00:00+00:00,0.0185,0.0185,0.018,0.018,51100,0.0185,0.0185,0.018,0.018,51100,0.0,1.0
RELI,2018-06-07 00:00:00+00:00,0.02,0.02,0.017,0.0185,20632,0.02,0.02,0.017,0.0185,20632,0.0,1.0
RELI,2018-06-08 00:00:00+00:00,0.02,0.02,0.014,0.018,32800,0.02,0.02,0.014,0.018,32800,0.0,1.0
RELI,2018-06-12 00:00:00+00:00,0.02,0.021,0.01391,0.014,302989,0.02,0.021,0.01391,0.014,302989,0.0,1.0
RELI,2018-06-13 00:00:00+00:00,0.0229,0.0229,0.02,0.021,125900,0.0229,0.0229,0.02,0.021,125900,0.0,1.0
RELI,2018-06-14 00:00:00+00:00,0.0229,0.0229,0.02,0.02,54700,0.0229,0.0229,0.02,0.02,54700,0.0,1.0
RELI,2018-06-15 00:00:00+00:00,0.024,0.024,0.0165,0.0165,75800,0.024,0.024,0.0165,0.0165,75800,0.0,1.0
RELI,2018-06-19 00:00:00+00:00,0.022,0.022,0.0165,0.018,160201,0.022,0.022,0.0165,0.018,160201,0.0,1.0
RELI,2018-06-20 00:00:00+00:00,0.0151,0.017,0.015,0.017,211698,0.0151,0.017,0.015,0.017,211698,0.0,1.0
RELI,2018-06-21 00:00:00+00:00,0.022,0.023,0.018,0.023,108764,0.022,0.023,0.018,0.023,108764,0.0,1.0
RELI,2018-06-22 00:00:00+00:00,0.022,0.022,0.0195,0.0195,181100,0.022,0.022,0.0195,0.0195,181100,0.0,1.0
RELI,2018-06-25 00:00:00+00:00,0.022,0.022,0.01795,0.01795,5200,0.022,0.022,0.01795,0.01795,5200,0.0,1.0
RELI,2018-06-26 00:00:00+00:00,0.022,0.022,0.01829,0.022,22600,0.022,0.022,0.01829,0.022,22600,0.0,1.0
RELI,2018-06-27 00:00:00+00:00,0.0189,0.0219,0.0181,0.0181,183764,0.0189,0.0219,0.0181,0.0181,183764,0.0,1.0
RELI,2018-06-28 00:00:00+00:00,0.0187,0.0218,0.0175,0.0218,118457,0.0187,0.0218,0.0175,0.0218,118457,0.0,1.0
RELI,2018-06-29 00:00:00+00:00,0.02186,0.02186,0.018,0.0185,89200,0.02186,0.02186,0.018,0.0185,89200,0.0,1.0
RELI,2018-07-02 00:00:00+00:00,0.022,0.022,0.0219,0.0219,10100,0.022,0.022,0.0219,0.0219,10100,0.0,1.0
RELI,2018-07-03 00:00:00+00:00,0.022,0.022,0.022,0.022,1000,0.022,0.022,0.022,0.022,1000,0.0,1.0
RELI,2018-07-05 00:00:00+00:00,0.023,0.023,0.022,0.022,73250,0.023,0.023,0.022,0.022,73250,0.0,1.0
RELI,2018-07-13 00:00:00+00:00,0.018,0.0229,0.0114,0.0229,253652,0.018,0.0229,0.0114,0.0229,253652,0.0,1.0
RELI,2018-07-16 00:00:00+00:00,0.0155,0.0155,0.0155,0.0155,3405,0.0155,0.0155,0.0155,0.0155,3405,0.0,1.0
RELI,2018-07-19 00:00:00+00:00,0.015,0.015,0.015,0.015,6215,0.015,0.015,0.015,0.015,6215,0.0,1.0
RELI,2018-07-20 00:00:00+00:00,0.0065,0.014,0.0065,0.014,754850,0.0065,0.014,0.0065,0.014,754850,0.0,1.0
RELI,2018-07-23 00:00:00+00:00,0.0084,0.0085,0.0066,0.0066,107401,0.0084,0.0085,0.0066,0.0066,107401,0.0,1.0
RELI,2018-07-24 00:00:00+00:00,0.007,0.007,0.007,0.007,51000,0.007,0.007,0.007,0.007,51000,0.0,1.0
RELI,2018-07-25 00:00:00+00:00,0.0087,0.0087,0.0076,0.0085,391680,0.0087,0.0087,0.0076,0.0085,391680,0.0,1.0
RELI,2018-07-26 00:00:00+00:00,0.0072,0.008,0.0066,0.008,584809,0.0072,0.008,0.0066,0.008,584809,0.0,1.0
RELI,2018-07-27 00:00:00+00:00,0.0089,0.011,0.0069,0.0069,578670,0.0089,0.011,0.0069,0.0069,578670,0.0,1.0
RELI,2018-07-30 00:00:00+00:00,0.0093,0.017,0.00845,0.0089,1193613,0.0093,0.017,0.00845,0.0089,1193613,0.0,1.0
RELI,2018-07-31 00:00:00+00:00,0.0089,0.009,0.0066,0.009,135586,0.0089,0.009,0.0066,0.009,135586,0.0,1.0
RELI,2018-08-01 00:00:00+00:00,0.0055,0.006125,0.0046,0.006125,862645,0.0055,0.006125,0.0046,0.006125,862645,0.0,1.0
RELI,2018-08-02 00:00:00+00:00,0.0055,0.0055,0.005,0.0055,110428,0.0055,0.0055,0.005,0.0055,110428,0.0,1.0
RELI,2018-08-03 00:00:00+00:00,0.0055,0.0055,0.0037,0.0055,1149829,0.0055,0.0055,0.0037,0.0055,1149829,0.0,1.0
RELI,2018-08-06 00:00:00+00:00,0.00529,0.0053,0.00529,0.0053,123000,0.00529,0.0053,0.00529,0.0053,123000,0.0,1.0
RELI,2018-08-07 00:00:00+00:00,0.0088,0.0101,0.00529,0.0053,8480644,0.0088,0.0101,0.00529,0.0053,8480644,0.0,1.0
RELI,2018-08-08 00:00:00+00:00,0.0055,0.0084,0.0055,0.0084,2871990,0.0055,0.0084,0.0055,0.0084,2871990,0.0,1.0
RELI,2018-08-09 00:00:00+00:00,0.0086,0.0086,0.005,0.0051,2137992,0.0086,0.0086,0.005,0.0051,2137992,0.0,1.0
RELI,2018-08-10 00:00:00+00:00,0.0058,0.0086,0.0057,0.0075,652166,0.0058,0.0086,0.0057,0.0075,652166,0.0,1.0
RELI,2018-08-13 00:00:00+00:00,0.0069,0.0069,0.0053,0.0069,192344,0.0069,0.0069,0.0053,0.0069,192344,0.0,1.0
RELI,2018-08-14 00:00:00+00:00,0.0065,0.0065,0.0053,0.0063,553261,0.0065,0.0065,0.0053,0.0063,553261,0.0,1.0
RELI,2018-08-15 00:00:00+00:00,0.006,0.006,0.006,0.006,77970,0.006,0.006,0.006,0.006,77970,0.0,1.0
RELI,2018-08-16 00:00:00+00:00,0.006,0.006,0.0054,0.0055,255450,0.006,0.006,0.0054,0.0055,255450,0.0,1.0
RELI,2018-08-17 00:00:00+00:00,0.0072,0.0072,0.0059,0.0059,248651,0.0072,0.0072,0.0059,0.0059,248651,0.0,1.0
RELI,2018-08-20 00:00:00+00:00,0.0064,0.007,0.006,0.007,60650,0.0064,0.007,0.006,0.007,60650,0.0,1.0
RELI,2018-08-21 00:00:00+00:00,0.0069,0.0069,0.0064,0.0064,164600,0.0069,0.0069,0.0064,0.0064,164600,0.0,1.0
RELI,2018-08-22 00:00:00+00:00,0.0068,0.0068,0.0061,0.0063,241000,0.0068,0.0068,0.0061,0.0063,241000,0.0,1.0
RELI,2018-08-23 00:00:00+00:00,0.0058,0.0058,0.005,0.0057,763310,0.0058,0.0058,0.005,0.0057,763310,0.0,1.0
RELI,2018-08-24 00:00:00+00:00,0.0062,0.0064,0.0062,0.0062,9000,0.0062,0.0064,0.0062,0.0062,9000,0.0,1.0
RELI,2018-08-27 00:00:00+00:00,0.0065,0.0065,0.0065,0.0065,2000,0.0065,0.0065,0.0065,0.0065,2000,0.0,1.0
RELI,2018-08-28 00:00:00+00:00,0.0065,0.0065,0.006,0.006,10410,0.0065,0.0065,0.006,0.006,10410,0.0,1.0
RELI,2018-08-29 00:00:00+00:00,0.006,0.006,0.0055,0.0055,42000,0.006,0.006,0.0055,0.0055,42000,0.0,1.0
RELI,2018-08-30 00:00:00+00:00,0.0064,0.0064,0.0064,0.0064,2000,0.0064,0.0064,0.0064,0.0064,2000,0.0,1.0
RELI,2018-08-31 00:00:00+00:00,0.0064,0.0064,0.0055,0.0055,103181,0.0064,0.0064,0.0055,0.0055,103181,0.0,1.0
RELI,2018-09-04 00:00:00+00:00,0.0064,0.0065,0.0064,0.0064,60000,0.0064,0.0065,0.0064,0.0064,60000,0.0,1.0
RELI,2018-09-05 00:00:00+00:00,0.0068,0.0068,0.00595,0.00595,325572,0.0068,0.0068,0.00595,0.00595,325572,0.0,1.0
RELI,2018-09-07 00:00:00+00:00,0.0082,0.009,0.0061,0.0061,152500,0.0082,0.009,0.0061,0.0061,152500,0.0,1.0
RELI,2018-09-10 00:00:00+00:00,0.0085,0.009,0.00778,0.0078,79500,0.0085,0.009,0.00778,0.0078,79500,0.0,1.0
RELI,2018-09-12 00:00:00+00:00,0.009,0.009,0.0055,0.0064,503719,0.009,0.009,0.0055,0.0064,503719,0.0,1.0
RELI,2018-09-14 00:00:00+00:00,0.009,0.009,0.00848,0.0085,268500,0.009,0.009,0.00848,0.0085,268500,0.0,1.0
RELI,2018-09-18 00:00:00+00:00,0.0085,0.0085,0.00834,0.0085,114449,0.0085,0.0085,0.00834,0.0085,114449,0.0,1.0
RELI,2018-09-19 00:00:00+00:00,0.009,0.009,0.0069,0.0085,19000,0.009,0.009,0.0069,0.0085,19000,0.0,1.0
RELI,2018-09-20 00:00:00+00:00,0.0087,0.00887,0.0056,0.0069,164745,0.0087,0.00887,0.0056,0.0069,164745,0.0,1.0
RELI,2018-09-21 00:00:00+00:00,0.0079,0.008,0.0079,0.008,39308,0.0079,0.008,0.0079,0.008,39308,0.0,1.0
RELI,2018-09-24 00:00:00+00:00,0.0215,0.02985,0.0119,0.0119,7633693,0.0215,0.02985,0.0119,0.0119,7633693,0.0,1.0
RELI,2018-09-25 00:00:00+00:00,0.0193,0.023,0.0158,0.023,2058352,0.0193,0.023,0.0158,0.023,2058352,0.0,1.0
RELI,2018-09-26 00:00:00+00:00,0.0145,0.0195,0.014,0.0165,646234,0.0145,0.0195,0.014,0.0165,646234,0.0,1.0
RELI,2018-09-27 00:00:00+00:00,0.027,0.0321,0.019,0.0195,2874707,0.027,0.0321,0.019,0.0195,2874707,0.0,1.0
RELI,2018-09-28 00:00:00+00:00,0.027,0.0298,0.02,0.027,1085428,0.027,0.0298,0.02,0.027,1085428,0.0,1.0
RELI,2018-10-01 00:00:00+00:00,0.033675,0.041,0.021,0.027,1634522,0.033675,0.041,0.021,0.027,1634522,0.0,1.0
RELI,2018-10-02 00:00:00+00:00,0.0325,0.035,0.0268,0.034,1322899,0.0325,0.035,0.0268,0.034,1322899,0.0,1.0
RELI,2018-10-03 00:00:00+00:00,0.0262,0.034,0.0225,0.03,783875,0.0262,0.034,0.0225,0.03,783875,0.0,1.0
RELI,2018-10-04 00:00:00+00:00,0.027,0.0329,0.022,0.022,543575,0.027,0.0329,0.022,0.022,543575,0.0,1.0
RELI,2018-10-05 00:00:00+00:00,0.0295,0.0295,0.029225,0.0295,124450,0.0295,0.0295,0.029225,0.0295,124450,0.0,1.0
RELI,2018-10-08 00:00:00+00:00,0.02918,0.0295,0.0231,0.0231,123000,0.02918,0.0295,0.0231,0.0231,123000,0.0,1.0
RELI,2018-10-09 00:00:00+00:00,0.071,0.073,0.02828,0.02854,9540370,0.071,0.073,0.02828,0.02854,9540370,0.0,1.0
RELI,2018-10-10 00:00:00+00:00,0.0799,0.0889,0.064,0.075,4666577,0.0799,0.0889,0.064,0.075,4666577,0.0,1.0
RELI,2018-10-11 00:00:00+00:00,0.0811,0.0811,0.0595,0.0795,2311142,0.0811,0.0811,0.0595,0.0795,2311142,0.0,1.0
RELI,2018-10-12 00:00:00+00:00,0.0696,0.0813,0.068,0.0813,2370536,0.0696,0.0813,0.068,0.0813,2370536,0.0,1.0
RELI,2018-10-15 00:00:00+00:00,0.08955,0.105,0.06825,0.06825,4736404,0.08955,0.105,0.06825,0.06825,4736404,0.0,1.0
RELI,2018-10-16 00:00:00+00:00,0.099315,0.126,0.08392,0.09,2858555,0.099315,0.126,0.08392,0.09,2858555,0.0,1.0
RELI,2018-10-17 00:00:00+00:00,0.069,0.124,0.0598,0.1145,4196541,0.069,0.124,0.0598,0.1145,4196541,0.0,1.0
RELI,2018-10-18 00:00:00+00:00,0.0775,0.085,0.0635,0.06625,960191,0.0775,0.085,0.0635,0.06625,960191,0.0,1.0
RELI,2018-10-19 00:00:00+00:00,0.081,0.085,0.072,0.08075,789056,0.081,0.085,0.072,0.08075,789056,0.0,1.0
RELI,2018-10-22 00:00:00+00:00,0.06,0.09,0.0569,0.09,1007814,0.06,0.09,0.0569,0.09,1007814,0.0,1.0
RELI,2018-10-23 00:00:00+00:00,0.082,0.084,0.054,0.06,1002347,0.082,0.084,0.054,0.06,1002347,0.0,1.0
RELI,2018-10-24 00:00:00+00:00,0.069595,0.07875,0.062,0.076,603701,0.069595,0.07875,0.062,0.076,603701,0.0,1.0
RELI,2018-10-25 00:00:00+00:00,0.067,0.09,0.055,0.07,2347223,0.067,0.09,0.055,0.07,2347223,0.0,1.0
RELI,2018-10-26 00:00:00+00:00,0.06,0.07,0.0519,0.07,1265796,0.06,0.07,0.0519,0.07,1265796,0.0,1.0
RELI,2018-10-29 00:00:00+00:00,0.0613,0.0649,0.0525,0.05435,380144,0.0613,0.0649,0.0525,0.05435,380144,0.0,1.0
RELI,2018-10-30 00:00:00+00:00,0.062,0.0725,0.0581,0.06475,1120044,0.062,0.0725,0.0581,0.06475,1120044,0.0,1.0
RELI,2018-10-31 00:00:00+00:00,0.075,0.0805,0.057,0.065,1196017,0.075,0.0805,0.057,0.065,1196017,0.0,1.0
RELI,2018-11-01 00:00:00+00:00,0.0787,0.0789,0.067,0.0735,331601,0.0787,0.0789,0.067,0.0735,331601,0.0,1.0
RELI,2018-11-02 00:00:00+00:00,0.077,0.0779,0.07,0.0744,625245,0.077,0.0779,0.07,0.0744,625245,0.0,1.0
RELI,2018-11-05 00:00:00+00:00,0.0768,0.088,0.068,0.077,938044,0.0768,0.088,0.068,0.077,938044,0.0,1.0
RELI,2018-11-06 00:00:00+00:00,0.071,0.08102,0.0701,0.0768,569670,0.071,0.08102,0.0701,0.0768,569670,0.0,1.0
RELI,2018-11-07 00:00:00+00:00,0.065,0.072,0.0646,0.072,347152,0.065,0.072,0.0646,0.072,347152,0.0,1.0
RELI,2018-11-08 00:00:00+00:00,0.0735,0.08,0.06,0.0666,583093,0.0735,0.08,0.06,0.0666,583093,0.0,1.0
RELI,2018-11-09 00:00:00+00:00,0.078,0.0795,0.066,0.076,405918,0.078,0.0795,0.066,0.076,405918,0.0,1.0
RELI,2018-11-12 00:00:00+00:00,0.085,0.085,0.0703,0.078,517308,0.085,0.085,0.0703,0.078,517308,0.0,1.0
RELI,2018-11-13 00:00:00+00:00,0.09,0.091,0.07645,0.085,807987,0.09,0.091,0.07645,0.085,807987,0.0,1.0
RELI,2018-11-14 00:00:00+00:00,0.1761,0.18,0.093,0.114,6043648,0.1761,0.18,0.093,0.114,6043648,0.0,1.0
RELI,2018-11-15 00:00:00+00:00,0.21941,0.339,0.155,0.177,3246578,0.21941,0.339,0.155,0.177,3246578,0.0,1.0
RELI,2018-11-16 00:00:00+00:00,0.25,0.28,0.18,0.215,1075159,0.25,0.28,0.18,0.215,1075159,0.0,1.0
RELI,2018-11-19 00:00:00+00:00,0.19,0.305,0.18,0.18,2693501,0.19,0.305,0.18,0.18,2693501,0.0,1.0
RELI,2018-11-20 00:00:00+00:00,0.18,0.225,0.1762,0.2099,1328443,0.18,0.225,0.1762,0.2099,1328443,0.0,1.0
RELI,2018-11-21 00:00:00+00:00,0.1799,0.2045,0.15,0.185,481452,0.1799,0.2045,0.15,0.185,481452,0.0,1.0
RELI,2018-11-23 00:00:00+00:00,0.1965,0.2,0.1701,0.19,54189,0.1965,0.2,0.1701,0.19,54189,0.0,1.0
RELI,2018-11-26 00:00:00+00:00,0.16,0.209,0.15,0.198,541828,0.16,0.209,0.15,0.198,541828,0.0,1.0
RELI,2018-11-27 00:00:00+00:00,0.143,0.16,0.1125,0.13,1284836,0.143,0.16,0.1125,0.13,1284836,0.0,1.0
RELI,2018-11-28 00:00:00+00:00,0.175,0.177,0.125,0.1431,357741,0.175,0.177,0.125,0.1431,357741,0.0,1.0
RELI,2018-11-29 00:00:00+00:00,0.225,0.25,0.15,0.17,811543,0.225,0.25,0.15,0.17,811543,0.0,1.0
RELI,2018-11-30 00:00:00+00:00,0.17755,0.258,0.1582,0.258,544260,0.17755,0.258,0.1582,0.258,544260,0.0,1.0
RELI,2018-12-03 00:00:00+00:00,0.22095,0.24,0.1678,0.1678,403255,0.22095,0.24,0.1678,0.1678,403255,0.0,1.0
RELI,2018-12-04 00:00:00+00:00,0.2001,0.22855,0.1777,0.19,492428,0.2001,0.22855,0.1777,0.19,492428,0.0,1.0
RELI,2018-12-06 00:00:00+00:00,0.1575,0.2,0.1507,0.2,805880,0.1575,0.2,0.1507,0.2,805880,0.0,1.0
RELI,2018-12-07 00:00:00+00:00,0.155,0.1575,0.145,0.15475,231904,0.155,0.1575,0.145,0.15475,231904,0.0,1.0
RELI,2018-12-10 00:00:00+00:00,0.154,0.1575,0.129,0.1575,260731,0.154,0.1575,0.129,0.1575,260731,0.0,1.0
RELI,2018-12-11 00:00:00+00:00,0.1499,0.154,0.1375,0.1375,175097,0.1499,0.154,0.1375,0.1375,175097,0.0,1.0
RELI,2018-12-12 00:00:00+00:00,0.1849,0.21,0.129,0.1498,1171597,0.1849,0.21,0.129,0.1498,1171597,0.0,1.0
RELI,2018-12-13 00:00:00+00:00,0.19465,0.1955,0.1625,0.1625,67815,0.19465,0.1955,0.1625,0.1625,67815,0.0,1.0
RELI,2018-12-14 00:00:00+00:00,0.1923,0.2,0.183,0.1943,187685,0.1923,0.2,0.183,0.1943,187685,0.0,1.0
RELI,2018-12-17 00:00:00+00:00,0.1845,0.21,0.183,0.1843,300681,0.1845,0.21,0.183,0.1843,300681,0.0,1.0
RELI,2018-12-18 00:00:00+00:00,0.185,0.225,0.129,0.209,423651,0.185,0.225,0.129,0.209,423651,0.0,1.0
RELI,2018-12-19 00:00:00+00:00,0.131,0.1699,0.121,0.165,1248804,0.131,0.1699,0.121,0.165,1248804,0.0,1.0
RELI,2018-12-20 00:00:00+00:00,0.105,0.1357,0.081,0.1357,911297,0.105,0.1357,0.081,0.1357,911297,0.0,1.0
RELI,2018-12-21 00:00:00+00:00,0.1514,0.1522,0.09,0.114,332403,0.1514,0.1522,0.09,0.114,332403,0.0,1.0
RELI,2018-12-24 00:00:00+00:00,0.151,0.158,0.1355,0.15,135700,0.151,0.158,0.1355,0.15,135700,0.0,1.0
RELI,2018-12-26 00:00:00+00:00,0.17375,0.17375,0.13,0.13,239794,0.17375,0.17375,0.13,0.13,239794,0.0,1.0
RELI,2018-12-27 00:00:00+00:00,0.18,0.189,0.169,0.175,122411,0.18,0.189,0.169,0.175,122411,0.0,1.0
RELI,2018-12-28 00:00:00+00:00,0.199,0.199,0.167,0.18,140685,0.199,0.199,0.167,0.18,140685,0.0,1.0
RELI,2018-12-31 00:00:00+00:00,0.175,0.18279,0.1596,0.181,231116,0.175,0.18279,0.1596,0.181,231116,0.0,1.0
RELI,2019-01-02 00:00:00+00:00,0.155,0.16,0.132,0.15911,190486,0.155,0.16,0.132,0.15911,190486,0.0,1.0
RELI,2019-01-03 00:00:00+00:00,0.1588,0.1588,0.1401,0.155,148261,0.1588,0.1588,0.1401,0.155,148261,0.0,1.0
RELI,2019-01-04 00:00:00+00:00,0.1749,0.1749,0.1305,0.1305,198760,0.1749,0.1749,0.1305,0.1305,198760,0.0,1.0
RELI,2019-01-07 00:00:00+00:00,0.162,0.175,0.155,0.1723,114511,0.162,0.175,0.155,0.1723,114511,0.0,1.0
RELI,2019-01-08 00:00:00+00:00,0.1675,0.174,0.155,0.164,186486,0.1675,0.174,0.155,0.164,186486,0.0,1.0
RELI,2019-01-09 00:00:00+00:00,0.175,0.18,0.155,0.16125,341072,0.175,0.18,0.155,0.16125,341072,0.0,1.0
RELI,2019-01-10 00:00:00+00:00,0.174,0.174,0.161,0.17,244964,0.174,0.174,0.161,0.17,244964,0.0,1.0
RELI,2019-01-11 00:00:00+00:00,0.1999,0.2,0.16975,0.17,266228,0.1999,0.2,0.16975,0.17,266228,0.0,1.0
RELI,2019-01-14 00:00:00+00:00,0.198,0.1999,0.18,0.18,183232,0.198,0.1999,0.18,0.18,183232,0.0,1.0
RELI,2019-01-15 00:00:00+00:00,0.17,0.1943,0.16,0.184,447630,0.17,0.1943,0.16,0.184,447630,0.0,1.0
RELI,2019-01-16 00:00:00+00:00,0.16102,0.199,0.15,0.173,262881,0.16102,0.199,0.15,0.173,262881,0.0,1.0
RELI,2019-01-17 00:00:00+00:00,0.215,0.2358,0.140895,0.140895,675892,0.215,0.2358,0.140895,0.140895,675892,0.0,1.0
RELI,2019-01-18 00:00:00+00:00,0.2,0.24,0.1861,0.24,572477,0.2,0.24,0.1861,0.24,572477,0.0,1.0
RELI,2019-01-22 00:00:00+00:00,0.198,0.21,0.186,0.2,126453,0.198,0.21,0.186,0.2,126453,0.0,1.0
RELI,2019-01-23 00:00:00+00:00,0.20912,0.21,0.190395,0.2,53755,0.20912,0.21,0.190395,0.2,53755,0.0,1.0
RELI,2019-01-24 00:00:00+00:00,0.1949,0.2089,0.185,0.19,160905,0.1949,0.2089,0.185,0.19,160905,0.0,1.0
RELI,2019-01-25 00:00:00+00:00,0.1889,0.1945,0.17,0.1945,94981,0.1889,0.1945,0.17,0.1945,94981,0.0,1.0
RELI,2019-01-28 00:00:00+00:00,0.183815,0.195,0.166,0.195,103178,0.183815,0.195,0.166,0.195,103178,0.0,1.0
RELI,2019-01-29 00:00:00+00:00,0.18,0.1848,0.167,0.18025,85800,0.18,0.1848,0.167,0.18025,85800,0.0,1.0
RELI,2019-01-30 00:00:00+00:00,0.20135,0.205,0.16635,0.16635,205426,0.20135,0.205,0.16635,0.16635,205426,0.0,1.0
RELI,2019-01-31 00:00:00+00:00,0.21,0.24,0.185,0.21,337285,0.21,0.24,0.185,0.21,337285,0.0,1.0
RELI,2019-02-01 00:00:00+00:00,0.2005,0.21,0.18,0.2085,97178,0.2005,0.21,0.18,0.2085,97178,0.0,1.0
RELI,2019-02-04 00:00:00+00:00,0.19,0.205,0.175,0.19,285565,0.19,0.205,0.175,0.19,285565,0.0,1.0
RELI,2019-02-05 00:00:00+00:00,0.174725,0.178,0.15,0.178,494769,0.174725,0.178,0.15,0.178,494769,0.0,1.0
RELI,2019-02-06 00:00:00+00:00,0.1725,0.189,0.1525,0.155,244112,0.1725,0.189,0.1525,0.155,244112,0.0,1.0
RELI,2019-02-07 00:00:00+00:00,0.189,0.2,0.1451,0.2,955324,0.189,0.2,0.1451,0.2,955324,0.0,1.0
RELI,2019-02-08 00:00:00+00:00,0.16,0.17,0.1511,0.165,461194,0.16,0.17,0.1511,0.165,461194,0.0,1.0
RELI,2019-02-11 00:00:00+00:00,0.15832,0.1678,0.15,0.159355,303519,0.15832,0.1678,0.15,0.159355,303519,0.0,1.0
RELI,2019-02-12 00:00:00+00:00,0.135,0.1588,0.1201,0.15,977398,0.135,0.1588,0.1201,0.15,977398,0.0,1.0
RELI,2019-02-13 00:00:00+00:00,0.144455,0.1588,0.136,0.144,240865,0.144455,0.1588,0.136,0.144,240865,0.0,1.0
RELI,2019-02-14 00:00:00+00:00,0.1475,0.1535,0.135,0.1535,34721,0.1475,0.1535,0.135,0.1535,34721,0.0,1.0
RELI,2019-02-15 00:00:00+00:00,0.1324,0.145,0.13,0.137,127456,0.1324,0.145,0.13,0.137,127456,0.0,1.0
RELI,2019-02-19 00:00:00+00:00,0.1332,0.15,0.12,0.13,102095,0.1332,0.15,0.12,0.13,102095,0.0,1.0
RELI,2019-02-20 00:00:00+00:00,0.138,0.1389,0.12,0.13325,114600,0.138,0.1389,0.12,0.13325,114600,0.0,1.0
RELI,2019-02-21 00:00:00+00:00,0.144,0.144,0.1225,0.135225,125020,0.144,0.144,0.1225,0.135225,125020,0.0,1.0
RELI,2019-02-22 00:00:00+00:00,0.1419,0.1425,0.1226,0.1353,134200,0.1419,0.1425,0.1226,0.1353,134200,0.0,1.0
RELI,2019-02-25 00:00:00+00:00,0.1425,0.1425,0.123,0.1275,142619,0.1425,0.1425,0.123,0.1275,142619,0.0,1.0
RELI,2019-02-26 00:00:00+00:00,0.148,0.148,0.127,0.137,29128,0.148,0.148,0.127,0.137,29128,0.0,1.0
RELI,2019-02-27 00:00:00+00:00,0.153,0.158,0.13,0.1485,212258,0.153,0.158,0.13,0.1485,212258,0.0,1.0
RELI,2019-02-28 00:00:00+00:00,0.169,0.1705,0.1379,0.153,516709,0.169,0.1705,0.1379,0.153,516709,0.0,1.0
RELI,2019-03-01 00:00:00+00:00,0.1725,0.18025,0.16,0.18025,238616,0.1725,0.18025,0.16,0.18025,238616,0.0,1.0
RELI,2019-03-04 00:00:00+00:00,0.1837,0.2,0.169,0.175,357293,0.1837,0.2,0.169,0.175,357293,0.0,1.0
RELI,2019-03-05 00:00:00+00:00,0.195,0.2,0.1815,0.1837,278518,0.195,0.2,0.1815,0.1837,278518,0.0,1.0
RELI,2019-03-06 00:00:00+00:00,0.209675,0.22,0.195,0.195,383254,0.209675,0.22,0.195,0.195,383254,0.0,1.0
RELI,2019-03-07 00:00:00+00:00,0.215,0.215,0.1682,0.209,306690,0.215,0.215,0.1682,0.209,306690,0.0,1.0
RELI,2019-03-08 00:00:00+00:00,0.198,0.2,0.18,0.1801,81169,0.198,0.2,0.18,0.1801,81169,0.0,1.0
RELI,2019-03-11 00:00:00+00:00,0.195,0.21,0.17,0.19,112475,0.195,0.21,0.17,0.19,112475,0.0,1.0
RELI,2019-03-12 00:00:00+00:00,0.1943,0.21,0.1943,0.1965,80953,0.1943,0.21,0.1943,0.1965,80953,0.0,1.0
RELI,2019-03-13 00:00:00+00:00,0.199,0.199,0.18,0.18,28003,0.199,0.199,0.18,0.18,28003,0.0,1.0
RELI,2019-03-14 00:00:00+00:00,0.194,0.197,0.175,0.195,74600,0.194,0.197,0.175,0.195,74600,0.0,1.0
RELI,2019-03-15 00:00:00+00:00,0.1925,0.1927,0.18,0.1845,50375,0.1925,0.1927,0.18,0.1845,50375,0.0,1.0
RELI,2019-03-18 00:00:00+00:00,0.17,0.1902,0.151,0.17585,335869,0.17,0.1902,0.151,0.17585,335869,0.0,1.0
RELI,2019-03-19 00:00:00+00:00,0.168,0.16925,0.155,0.16925,97390,0.168,0.16925,0.155,0.16925,97390,0.0,1.0
RELI,2019-03-20 00:00:00+00:00,0.184,0.195,0.16,0.16,327434,0.184,0.195,0.16,0.16,327434,0.0,1.0
RELI,2019-03-21 00:00:00+00:00,0.148,0.2045,0.13885,0.2045,736104,0.148,0.2045,0.13885,0.2045,736104,0.0,1.0
RELI,2019-03-22 00:00:00+00:00,0.148,0.148,0.1438,0.1438,83663,0.148,0.148,0.1438,0.1438,83663,0.0,1.0
RELI,2019-03-25 00:00:00+00:00,0.1588,0.1588,0.145,0.148,122893,0.1588,0.1588,0.145,0.148,122893,0.0,1.0
RELI,2019-03-26 00:00:00+00:00,0.1605,0.1605,0.15,0.158,48200,0.1605,0.1605,0.15,0.158,48200,0.0,1.0
RELI,2019-03-27 00:00:00+00:00,0.1515,0.16,0.144,0.15,167500,0.1515,0.16,0.144,0.15,167500,0.0,1.0
RELI,2019-03-28 00:00:00+00:00,0.164,0.164,0.1316,0.144,343472,0.164,0.164,0.1316,0.144,343472,0.0,1.0
RELI,2019-03-29 00:00:00+00:00,0.164,0.164,0.14,0.14,74523,0.164,0.164,0.14,0.14,74523,0.0,1.0
RELI,2019-04-01 00:00:00+00:00,0.156,0.15905,0.141,0.15,47125,0.156,0.15905,0.141,0.15,47125,0.0,1.0
RELI,2019-04-02 00:00:00+00:00,0.15,0.1575,0.1425,0.15,50985,0.15,0.1575,0.1425,0.15,50985,0.0,1.0
RELI,2019-04-03 00:00:00+00:00,0.163,0.163,0.142,0.15,112231,0.163,0.163,0.142,0.15,112231,0.0,1.0
RELI,2019-04-04 00:00:00+00:00,0.15,0.163,0.143,0.143,48012,0.15,0.163,0.143,0.143,48012,0.0,1.0
RELI,2019-04-05 00:00:00+00:00,0.1593,0.16,0.145,0.15,45582,0.1593,0.16,0.145,0.15,45582,0.0,1.0
RELI,2019-04-08 00:00:00+00:00,0.158464,0.1592,0.15,0.15,29300,0.158464,0.1592,0.15,0.15,29300,0.0,1.0
RELI,2019-04-09 00:00:00+00:00,0.16,0.1629,0.148,0.15545,38350,0.16,0.1629,0.148,0.15545,38350,0.0,1.0
RELI,2019-04-10 00:00:00+00:00,0.16,0.1748,0.1525,0.1748,10000,0.16,0.1748,0.1525,0.1748,10000,0.0,1.0
RELI,2019-04-11 00:00:00+00:00,0.15,0.1629,0.145,0.15,31925,0.15,0.1629,0.145,0.15,31925,0.0,1.0
RELI,2019-04-12 00:00:00+00:00,0.15,0.17,0.145,0.17,52950,0.15,0.17,0.145,0.17,52950,0.0,1.0
RELI,2019-04-15 00:00:00+00:00,0.137,0.155,0.125,0.155,225806,0.137,0.155,0.125,0.155,225806,0.0,1.0
RELI,2019-04-16 00:00:00+00:00,0.14825,0.153,0.138,0.138,202585,0.14825,0.153,0.138,0.138,202585,0.0,1.0
RELI,2019-04-17 00:00:00+00:00,0.1379,0.14708,0.11,0.14708,639163,0.1379,0.14708,0.11,0.14708,639163,0.0,1.0
RELI,2019-04-18 00:00:00+00:00,0.1389,0.13945,0.1268,0.1268,90794,0.1389,0.13945,0.1268,0.1268,90794,0.0,1.0
RELI,2019-04-22 00:00:00+00:00,0.1296,0.13245,0.115,0.1268,310720,0.1296,0.13245,0.115,0.1268,310720,0.0,1.0
RELI,2019-04-23 00:00:00+00:00,0.141,0.1499,0.1265,0.1425,81395,0.141,0.1499,0.1265,0.1425,81395,0.0,1.0
RELI,2019-04-24 00:00:00+00:00,0.1399,0.15995,0.1222,0.15995,182229,0.1399,0.15995,0.1222,0.15995,182229,0.0,1.0
RELI,2019-04-25 00:00:00+00:00,0.1426,0.1426,0.1386,0.1426,28332,0.1426,0.1426,0.1386,0.1426,28332,0.0,1.0
RELI,2019-04-26 00:00:00+00:00,0.147,0.1499,0.118,0.118,191741,0.147,0.1499,0.118,0.118,191741,0.0,1.0
RELI,2019-04-29 00:00:00+00:00,0.169,0.169,0.134,0.138,637404,0.169,0.169,0.134,0.138,637404,0.0,1.0
RELI,2019-04-30 00:00:00+00:00,0.17571,0.179,0.16,0.167,124935,0.17571,0.179,0.16,0.167,124935,0.0,1.0
RELI,2019-05-01 00:00:00+00:00,0.1749,0.177,0.137025,0.177,171135,0.1749,0.177,0.137025,0.177,171135,0.0,1.0
RELI,2019-05-02 00:00:00+00:00,0.153,0.1549,0.1386,0.14167,108617,0.153,0.1549,0.1386,0.14167,108617,0.0,1.0
RELI,2019-05-03 00:00:00+00:00,0.132,0.155,0.125,0.149,146761,0.132,0.155,0.125,0.149,146761,0.0,1.0
RELI,2019-05-06 00:00:00+00:00,0.1507,0.1534,0.1507,0.1534,7700,0.1507,0.1534,0.1507,0.1534,7700,0.0,1.0
RELI,2019-05-07 00:00:00+00:00,0.15,0.1515,0.132,0.14125,53545,0.15,0.1515,0.132,0.14125,53545,0.0,1.0
RELI,2019-05-08 00:00:00+00:00,0.16,0.168405,0.135,0.15,136271,0.16,0.168405,0.135,0.15,136271,0.0,1.0
RELI,2019-05-09 00:00:00+00:00,0.1599,0.1662,0.14,0.1662,79617,0.1599,0.1662,0.14,0.1662,79617,0.0,1.0
RELI,2019-05-10 00:00:00+00:00,0.149,0.186,0.131,0.186,18259,0.149,0.186,0.131,0.186,18259,0.0,1.0
RELI,2019-05-13 00:00:00+00:00,0.1475,0.15,0.12,0.1307,303149,0.1475,0.15,0.12,0.1307,303149,0.0,1.0
RELI,2019-05-14 00:00:00+00:00,0.14,0.182,0.13,0.182,247795,0.14,0.182,0.13,0.182,247795,0.0,1.0
RELI,2019-05-15 00:00:00+00:00,0.1274,0.1398,0.121,0.1301,85324,0.1274,0.1398,0.121,0.1301,85324,0.0,1.0
RELI,2019-05-16 00:00:00+00:00,0.1475,0.155,0.135,0.155,44106,0.1475,0.155,0.135,0.155,44106,0.0,1.0
RELI,2019-05-17 00:00:00+00:00,0.135,0.1475,0.121,0.1475,223864,0.135,0.1475,0.121,0.1475,223864,0.0,1.0
RELI,2019-05-20 00:00:00+00:00,0.144,0.144,0.127,0.127,19050,0.144,0.144,0.127,0.127,19050,0.0,1.0
RELI,2019-05-21 00:00:00+00:00,0.1389,0.145,0.1202,0.145,132084,0.1389,0.145,0.1202,0.145,132084,0.0,1.0
RELI,2019-05-22 00:00:00+00:00,0.1321,0.1394,0.1201,0.1394,74000,0.1321,0.1394,0.1201,0.1394,74000,0.0,1.0
RELI,2019-05-23 00:00:00+00:00,0.144,0.144,0.12374,0.1325,62206,0.144,0.144,0.12374,0.1325,62206,0.0,1.0
RELI,2019-05-24 00:00:00+00:00,0.14,0.144,0.13,0.144,72400,0.14,0.144,0.13,0.144,72400,0.0,1.0
RELI,2019-05-28 00:00:00+00:00,0.1439,0.145,0.13,0.145,32800,0.1439,0.145,0.13,0.145,32800,0.0,1.0
RELI,2019-05-29 00:00:00+00:00,0.1426,0.1426,0.129,0.1426,1597,0.1426,0.1426,0.129,0.1426,1597,0.0,1.0
RELI,2019-05-30 00:00:00+00:00,0.14,0.14,0.129,0.129,170510,0.14,0.14,0.129,0.129,170510,0.0,1.0
RELI,2019-05-31 00:00:00+00:00,0.1397,0.144,0.1235,0.144,41511,0.1397,0.144,0.1235,0.144,41511,0.0,1.0
RELI,2019-06-03 00:00:00+00:00,0.139405,0.143,0.13,0.143,59600,0.139405,0.143,0.13,0.143,59600,0.0,1.0
RELI,2019-06-04 00:00:00+00:00,0.1379,0.1385,0.13,0.137728,18872,0.1379,0.1385,0.13,0.137728,18872,0.0,1.0
RELI,2019-06-05 00:00:00+00:00,0.133188,0.138,0.12,0.138,230348,0.133188,0.138,0.12,0.138,230348,0.0,1.0
RELI,2019-06-06 00:00:00+00:00,0.135,0.135,0.1259,0.13,32000,0.135,0.135,0.1259,0.13,32000,0.0,1.0
RELI,2019-06-07 00:00:00+00:00,0.143,0.143,0.135,0.135,40953,0.143,0.143,0.135,0.135,40953,0.0,1.0
RELI,2019-06-10 00:00:00+00:00,0.14,0.143,0.135,0.143,85174,0.14,0.143,0.135,0.143,85174,0.0,1.0
RELI,2019-06-11 00:00:00+00:00,0.1429,0.1429,0.12955,0.12955,100144,0.1429,0.1429,0.12955,0.12955,100144,0.0,1.0
RELI,2019-06-12 00:00:00+00:00,0.15,0.154,0.14,0.1449,226214,0.15,0.154,0.14,0.1449,226214,0.0,1.0
RELI,2019-06-13 00:00:00+00:00,0.14925,0.155,0.132,0.147,241014,0.14925,0.155,0.132,0.147,241014,0.0,1.0
RELI,2019-06-14 00:00:00+00:00,0.13775,0.15,0.13775,0.15,117343,0.13775,0.15,0.13775,0.15,117343,0.0,1.0
RELI,2019-06-17 00:00:00+00:00,0.1256,0.1374,0.1256,0.132624,86950,0.1256,0.1374,0.1256,0.132624,86950,0.0,1.0
RELI,2019-06-18 00:00:00+00:00,0.1259,0.1369,0.1257,0.1257,78414,0.1259,0.1369,0.1257,0.1257,78414,0.0,1.0
RELI,2019-06-19 00:00:00+00:00,0.13,0.1349,0.1211,0.1259,184604,0.13,0.1349,0.1211,0.1259,184604,0.0,1.0
RELI,2019-06-20 00:00:00+00:00,0.124,0.1255,0.1026,0.121,172634,0.124,0.1255,0.1026,0.121,172634,0.0,1.0
RELI,2019-06-21 00:00:00+00:00,0.135,0.1368,0.1,0.122,453882,0.135,0.1368,0.1,0.122,453882,0.0,1.0
RELI,2019-06-24 00:00:00+00:00,0.1383,0.1398,0.125,0.136,109600,0.1383,0.1398,0.125,0.136,109600,0.0,1.0
RELI,2019-06-25 00:00:00+00:00,0.135,0.135,0.135,0.135,7000,0.135,0.135,0.135,0.135,7000,0.0,1.0
RELI,2019-06-26 00:00:00+00:00,0.13407,0.135,0.1225,0.133676,6240,0.13407,0.135,0.1225,0.133676,6240,0.0,1.0
RELI,2019-06-27 00:00:00+00:00,0.133,0.133,0.125,0.133,50366,0.133,0.133,0.125,0.133,50366,0.0,1.0
RELI,2019-06-28 00:00:00+00:00,0.1313,0.1313,0.1313,0.1313,11452,0.1313,0.1313,0.1313,0.1313,11452,0.0,1.0
RELI,2019-07-01 00:00:00+00:00,0.125,0.125,0.125,0.125,8500,0.125,0.125,0.125,0.125,8500,0.0,1.0
RELI,2019-07-02 00:00:00+00:00,0.1313,0.1313,0.125,0.125,3240,0.1313,0.1313,0.125,0.125,3240,0.0,1.0
RELI,2019-07-03 00:00:00+00:00,0.14,0.14,0.125,0.1313,80192,0.14,0.14,0.125,0.1313,80192,0.0,1.0
RELI,2019-07-05 00:00:00+00:00,0.1245,0.1406,0.1245,0.1406,7500,0.1245,0.1406,0.1245,0.1406,7500,0.0,1.0
RELI,2019-07-08 00:00:00+00:00,0.122,0.14,0.1198,0.1395,149017,0.122,0.14,0.1198,0.1395,149017,0.0,1.0
RELI,2019-07-09 00:00:00+00:00,0.14,0.14,0.125,0.125,15313,0.14,0.14,0.125,0.125,15313,0.0,1.0
RELI,2019-07-10 00:00:00+00:00,0.1399,0.155,0.13,0.14,533376,0.1399,0.155,0.13,0.14,533376,0.0,1.0
RELI,2019-07-11 00:00:00+00:00,0.1622,0.175,0.135,0.135,331360,0.1622,0.175,0.135,0.135,331360,0.0,1.0
RELI,2019-07-12 00:00:00+00:00,0.16495,0.1674,0.14,0.152,323853,0.16495,0.1674,0.14,0.152,323853,0.0,1.0
RELI,2019-07-15 00:00:00+00:00,0.16645,0.16645,0.16645,0.16645,500,0.16645,0.16645,0.16645,0.16645,500,0.0,1.0
RELI,2019-07-16 00:00:00+00:00,0.16148,0.1635,0.16,0.1635,23340,0.16148,0.1635,0.16,0.1635,23340,0.0,1.0
RELI,2019-07-17 00:00:00+00:00,0.17,0.171528,0.15,0.16245,31752,0.17,0.171528,0.15,0.16245,31752,0.0,1.0
RELI,2019-07-18 00:00:00+00:00,0.19,0.19,0.1692,0.17,221725,0.19,0.19,0.1692,0.17,221725,0.0,1.0
RELI,2019-07-19 00:00:00+00:00,0.173,0.1949,0.163083,0.19,102109,0.173,0.1949,0.163083,0.19,102109,0.0,1.0
RELI,2019-07-22 00:00:00+00:00,0.17,0.18,0.165,0.18,21400,0.17,0.18,0.165,0.18,21400,0.0,1.0
RELI,2019-07-23 00:00:00+00:00,0.17,0.17,0.1553,0.1601,14400,0.17,0.17,0.1553,0.1601,14400,0.0,1.0
RELI,2019-07-24 00:00:00+00:00,0.1663,0.177,0.156,0.16,163686,0.1663,0.177,0.156,0.16,163686,0.0,1.0
RELI,2019-07-25 00:00:00+00:00,0.175,0.175,0.175,0.175,100,0.175,0.175,0.175,0.175,100,0.0,1.0
RELI,2019-07-26 00:00:00+00:00,0.167375,0.16925,0.156,0.163,124506,0.167375,0.16925,0.156,0.163,124506,0.0,1.0
RELI,2019-07-29 00:00:00+00:00,0.1725,0.1725,0.1725,0.1725,7661,0.1725,0.1725,0.1725,0.1725,7661,0.0,1.0
RELI,2019-07-30 00:00:00+00:00,0.1558,0.1698,0.1558,0.15745,24300,0.1558,0.1698,0.1558,0.15745,24300,0.0,1.0
RELI,2019-07-31 00:00:00+00:00,0.165,0.1749,0.1554,0.1554,39952,0.165,0.1749,0.1554,0.1554,39952,0.0,1.0
RELI,2019-08-01 00:00:00+00:00,0.1399,0.163,0.1251,0.1558,191620,0.1399,0.163,0.1251,0.1558,191620,0.0,1.0
RELI,2019-08-02 00:00:00+00:00,0.1599,0.1637,0.152055,0.1612,55690,0.1599,0.1637,0.152055,0.1612,55690,0.0,1.0
RELI,2019-08-05 00:00:00+00:00,0.162,0.162,0.16125,0.16125,27685,0.162,0.162,0.16125,0.16125,27685,0.0,1.0
RELI,2019-08-06 00:00:00+00:00,0.1545,0.16385,0.1545,0.16385,27646,0.1545,0.16385,0.1545,0.16385,27646,0.0,1.0
RELI,2019-08-07 00:00:00+00:00,0.163,0.163,0.163,0.163,200,0.163,0.163,0.163,0.163,200,0.0,1.0
RELI,2019-08-08 00:00:00+00:00,0.15,0.15,0.13,0.15,27961,0.15,0.15,0.13,0.15,27961,0.0,1.0
RELI,2019-08-09 00:00:00+00:00,0.1678,0.1678,0.13468,0.164,81200,0.1678,0.1678,0.13468,0.164,81200,0.0,1.0
RELI,2019-08-12 00:00:00+00:00,0.148,0.1678,0.1391,0.1678,19450,0.148,0.1678,0.1391,0.1678,19450,0.0,1.0
RELI,2019-08-13 00:00:00+00:00,0.131,0.148,0.131,0.148,24375,0.131,0.148,0.131,0.148,24375,0.0,1.0
RELI,2019-08-14 00:00:00+00:00,0.15625,0.15625,0.1365,0.14696,126340,0.15625,0.15625,0.1365,0.14696,126340,0.0,1.0
RELI,2019-08-15 00:00:00+00:00,0.165,0.165,0.14,0.14,32000,0.165,0.165,0.14,0.14,32000,0.0,1.0
RELI,2019-08-16 00:00:00+00:00,0.162588,0.162588,0.1383,0.14,22100,0.162588,0.162588,0.1383,0.14,22100,0.0,1.0
RELI,2019-08-19 00:00:00+00:00,0.159,0.163708,0.1405,0.161175,92358,0.159,0.163708,0.1405,0.161175,92358,0.0,1.0
RELI,2019-08-20 00:00:00+00:00,0.1729,0.173,0.1499,0.1499,236252,0.1729,0.173,0.1499,0.1499,236252,0.0,1.0
RELI,2019-08-21 00:00:00+00:00,0.16,0.1729,0.156,0.1729,57644,0.16,0.1729,0.156,0.1729,57644,0.0,1.0
RELI,2019-08-22 00:00:00+00:00,0.16109,0.171,0.1501,0.1501,29963,0.16109,0.171,0.1501,0.1501,29963,0.0,1.0
RELI,2019-08-23 00:00:00+00:00,0.1501,0.1729,0.1501,0.1729,25600,0.1501,0.1729,0.1501,0.1729,25600,0.0,1.0
RELI,2019-08-26 00:00:00+00:00,0.175,0.18,0.165,0.18,558991,0.175,0.18,0.165,0.18,558991,0.0,1.0
RELI,2019-08-27 00:00:00+00:00,0.1583,0.17,0.1583,0.16,135875,0.1583,0.17,0.1583,0.16,135875,0.0,1.0
RELI,2019-08-28 00:00:00+00:00,0.16,0.16,0.155,0.16,87833,0.16,0.16,0.155,0.16,87833,0.0,1.0
RELI,2019-08-29 00:00:00+00:00,0.165,0.165,0.15,0.151,133347,0.165,0.165,0.15,0.151,133347,0.0,1.0
RELI,2019-08-30 00:00:00+00:00,0.1738,0.175,0.165,0.165,55792,0.1738,0.175,0.165,0.165,55792,0.0,1.0
RELI,2019-09-03 00:00:00+00:00,0.1607,0.185,0.1607,0.175,126375,0.1607,0.185,0.1607,0.175,126375,0.0,1.0
RELI,2019-09-04 00:00:00+00:00,0.17,0.195,0.1672,0.1775,261699,0.17,0.195,0.1672,0.1775,261699,0.0,1.0
RELI,2019-09-05 00:00:00+00:00,0.17255,0.187,0.1672,0.17,199684,0.17255,0.187,0.1672,0.17,199684,0.0,1.0
RELI,2019-09-06 00:00:00+00:00,0.1848,0.1849,0.1696,0.17075,114691,0.1848,0.1849,0.1696,0.17075,114691,0.0,1.0
RELI,2019-09-09 00:00:00+00:00,0.1999,0.1999,0.171,0.1799,102389,0.1999,0.1999,0.171,0.1799,102389,0.0,1.0
RELI,2019-09-10 00:00:00+00:00,0.1723,0.1999,0.1723,0.195,370411,0.1723,0.1999,0.1723,0.195,370411,0.0,1.0
RELI,2019-09-11 00:00:00+00:00,0.18,0.192,0.17115,0.17115,24872,0.18,0.192,0.17115,0.17115,24872,0.0,1.0
RELI,2019-09-12 00:00:00+00:00,0.205,0.218,0.18,0.18,579686,0.205,0.218,0.18,0.18,579686,0.0,1.0
RELI,2019-09-13 00:00:00+00:00,0.1851,0.217,0.183729,0.217,305939,0.1851,0.217,0.183729,0.217,305939,0.0,1.0
RELI,2019-09-16 00:00:00+00:00,0.1885,0.1999,0.1852,0.1852,106276,0.1885,0.1999,0.1852,0.1852,106276,0.0,1.0
RELI,2019-09-17 00:00:00+00:00,0.22,0.22,0.19,0.1998,39418,0.22,0.22,0.19,0.1998,39418,0.0,1.0
RELI,2019-09-18 00:00:00+00:00,0.1925,0.20235,0.18,0.18,74920,0.1925,0.20235,0.18,0.18,74920,0.0,1.0
RELI,2019-09-19 00:00:00+00:00,0.19,0.1998,0.1813,0.1902,43129,0.19,0.1998,0.1813,0.1902,43129,0.0,1.0
RELI,2019-09-20 00:00:00+00:00,0.188125,0.2247,0.1827,0.2247,57317,0.188125,0.2247,0.1827,0.2247,57317,0.0,1.0
RELI,2019-09-23 00:00:00+00:00,0.185055,0.1925,0.18,0.18,185874,0.185055,0.1925,0.18,0.18,185874,0.0,1.0
RELI,2019-09-24 00:00:00+00:00,0.1725,0.188192,0.1725,0.183,147572,0.1725,0.188192,0.1725,0.183,147572,0.0,1.0
RELI,2019-09-25 00:00:00+00:00,0.2,0.2,0.1749,0.1749,148154,0.2,0.2,0.1749,0.1749,148154,0.0,1.0
RELI,2019-09-26 00:00:00+00:00,0.1851,0.1915,0.185,0.1915,50394,0.1851,0.1915,0.185,0.1915,50394,0.0,1.0
RELI,2019-09-27 00:00:00+00:00,0.1847,0.19,0.174,0.19,81883,0.1847,0.19,0.174,0.19,81883,0.0,1.0
RELI,2019-09-30 00:00:00+00:00,0.17615,0.1965,0.1723,0.1723,49019,0.17615,0.1965,0.1723,0.1723,49019,0.0,1.0
RELI,2019-10-01 00:00:00+00:00,0.195,0.1965,0.18,0.18276,127217,0.195,0.1965,0.18,0.18276,127217,0.0,1.0
RELI,2019-10-02 00:00:00+00:00,0.2,0.2244,0.17505,0.17505,286869,0.2,0.2244,0.17505,0.17505,286869,0.0,1.0
RELI,2019-10-03 00:00:00+00:00,0.2032,0.2219,0.19005,0.19005,22990,0.2032,0.2219,0.19005,0.19005,22990,0.0,1.0
RELI,2019-10-04 00:00:00+00:00,0.187688,0.2069,0.186602,0.2001,238807,0.187688,0.2069,0.186602,0.2001,238807,0.0,1.0
RELI,2019-10-07 00:00:00+00:00,0.2,0.218308,0.2,0.2,22523,0.2,0.218308,0.2,0.2,22523,0.0,1.0
RELI,2019-10-08 00:00:00+00:00,0.2112,0.214,0.1911,0.214,44946,0.2112,0.214,0.1911,0.214,44946,0.0,1.0
RELI,2019-10-09 00:00:00+00:00,0.198,0.214,0.19,0.214,37760,0.198,0.214,0.19,0.214,37760,0.0,1.0
RELI,2019-10-10 00:00:00+00:00,0.2,0.205,0.1875,0.19475,39401,0.2,0.205,0.1875,0.19475,39401,0.0,1.0
RELI,2019-10-11 00:00:00+00:00,0.2175,0.2175,0.191,0.1999,62247,0.2175,0.2175,0.191,0.1999,62247,0.0,1.0
RELI,2019-10-14 00:00:00+00:00,0.2161,0.2175,0.212075,0.2175,59881,0.2161,0.2175,0.212075,0.2175,59881,0.0,1.0
RELI,2019-10-15 00:00:00+00:00,0.2242,0.2242,0.215,0.215,24020,0.2242,0.2242,0.215,0.215,24020,0.0,1.0
RELI,2019-10-16 00:00:00+00:00,0.21896,0.2242,0.216675,0.2242,16528,0.21896,0.2242,0.216675,0.2242,16528,0.0,1.0
RELI,2019-10-17 00:00:00+00:00,0.22,0.22,0.21,0.22,78555,0.22,0.22,0.21,0.22,78555,0.0,1.0
RELI,2019-10-18 00:00:00+00:00,0.2244,0.2244,0.21,0.2244,30548,0.2244,0.2244,0.21,0.2244,30548,0.0,1.0
RELI,2019-10-21 00:00:00+00:00,0.217425,0.2247,0.21,0.2247,8936,0.217425,0.2247,0.21,0.2247,8936,0.0,1.0
RELI,2019-10-22 00:00:00+00:00,0.2499,0.26,0.19,0.2199,384107,0.2499,0.26,0.19,0.2199,384107,0.0,1.0
RELI,2019-10-23 00:00:00+00:00,0.244508,0.2575,0.235,0.2575,9360,0.244508,0.2575,0.235,0.2575,9360,0.0,1.0
RELI,2019-10-24 00:00:00+00:00,0.2434,0.2434,0.235672,0.235672,19380,0.2434,0.2434,0.235672,0.235672,19380,0.0,1.0
RELI,2019-10-25 00:00:00+00:00,0.24029,0.2494,0.2203,0.23735,146105,0.24029,0.2494,0.2203,0.23735,146105,0.0,1.0
RELI,2019-10-28 00:00:00+00:00,0.2474,0.2494,0.2474,0.2494,6376,0.2474,0.2494,0.2474,0.2494,6376,0.0,1.0
RELI,2019-10-29 00:00:00+00:00,0.255,0.26,0.24,0.24,134489,0.255,0.26,0.24,0.24,134489,0.0,1.0
RELI,2019-10-30 00:00:00+00:00,0.2974,0.3244,0.25,0.25,570391,0.2974,0.3244,0.25,0.25,570391,0.0,1.0
RELI,2019-10-31 00:00:00+00:00,0.29,0.3374,0.265,0.3034,298349,0.29,0.3374,0.265,0.3034,298349,0.0,1.0
RELI,2019-11-01 00:00:00+00:00,0.2999,0.3244,0.27,0.3,466118,0.2999,0.3244,0.27,0.3,466118,0.0,1.0
RELI,2019-11-04 00:00:00+00:00,0.294,0.35,0.29,0.3275,389928,0.294,0.35,0.29,0.3275,389928,0.0,1.0
RELI,2019-11-05 00:00:00+00:00,0.279208,0.3299,0.279208,0.3295,148472,0.279208,0.3299,0.279208,0.3295,148472,0.0,1.0
RELI,2019-11-06 00:00:00+00:00,0.31,0.3247,0.2851,0.29,132939,0.31,0.3247,0.2851,0.29,132939,0.0,1.0
RELI,2019-11-07 00:00:00+00:00,0.314,0.345,0.3,0.325,33412,0.314,0.345,0.3,0.325,33412,0.0,1.0
RELI,2019-11-08 00:00:00+00:00,0.3398,0.34,0.315,0.3192,114732,0.3398,0.34,0.315,0.3192,114732,0.0,1.0
RELI,2019-11-11 00:00:00+00:00,0.36,0.38,0.335,0.35,195529,0.36,0.38,0.335,0.35,195529,0.0,1.0
RELI,2019-11-12 00:00:00+00:00,0.3303,0.38,0.3303,0.36,237318,0.3303,0.38,0.3303,0.36,237318,0.0,1.0
RELI,2019-11-13 00:00:00+00:00,0.3674,0.37,0.345,0.37,51400,0.3674,0.37,0.345,0.37,51400,0.0,1.0
RELI,2019-11-14 00:00:00+00:00,0.351,0.4,0.34,0.38,132440,0.351,0.4,0.34,0.38,132440,0.0,1.0
RELI,2019-11-15 00:00:00+00:00,0.333008,0.38,0.315,0.351,61947,0.333008,0.38,0.315,0.351,61947,0.0,1.0
RELI,2019-11-18 00:00:00+00:00,0.298464,0.349,0.295,0.32,113093,0.298464,0.349,0.295,0.32,113093,0.0,1.0
RELI,2019-11-19 00:00:00+00:00,0.25,0.3399,0.243,0.3399,146222,0.25,0.3399,0.243,0.3399,146222,0.0,1.0
RELI,2019-11-20 00:00:00+00:00,0.245,0.2799,0.23,0.235,272921,0.245,0.2799,0.23,0.235,272921,0.0,1.0
RELI,2019-11-21 00:00:00+00:00,0.265,0.2688,0.2452,0.2624,133876,0.265,0.2688,0.2452,0.2624,133876,0.0,1.0
RELI,2019-11-22 00:00:00+00:00,0.2659,0.27,0.25,0.269,243916,0.2659,0.27,0.25,0.269,243916,0.0,1.0
RELI,2019-11-25 00:00:00+00:00,0.25,0.2658,0.25,0.2658,34990,0.25,0.2658,0.25,0.2658,34990,0.0,1.0
RELI,2019-11-26 00:00:00+00:00,0.2898,0.3,0.26,0.2648,133016,0.2898,0.3,0.26,0.2648,133016,0.0,1.0
RELI,2019-11-27 00:00:00+00:00,0.275,0.2885,0.255,0.2805,36510,0.275,0.2885,0.255,0.2805,36510,0.0,1.0
RELI,2019-11-29 00:00:00+00:00,0.291656,0.291656,0.288,0.288,1210,0.291656,0.291656,0.288,0.288,1210,0.0,1.0
RELI,2019-12-02 00:00:00+00:00,0.28,0.2912,0.271,0.2912,5612,0.28,0.2912,0.271,0.2912,5612,0.0,1.0
RELI,2019-12-03 00:00:00+00:00,0.25,0.27069,0.25,0.27,65478,0.25,0.27069,0.25,0.27,65478,0.0,1.0
RELI,2019-12-04 00:00:00+00:00,0.2798,0.3148,0.25,0.2767,160899,0.2798,0.3148,0.25,0.2767,160899,0.0,1.0
RELI,2019-12-05 00:00:00+00:00,0.297248,0.34315,0.26535,0.34315,65131,0.297248,0.34315,0.26535,0.34315,65131,0.0,1.0
RELI,2019-12-06 00:00:00+00:00,0.2985,0.3,0.262,0.3,162075,0.2985,0.3,0.262,0.3,162075,0.0,1.0
RELI,2019-12-09 00:00:00+00:00,0.272375,0.28148,0.2501,0.28148,117387,0.272375,0.28148,0.2501,0.28148,117387,0.0,1.0
RELI,2019-12-10 00:00:00+00:00,0.26,0.3,0.26,0.2795,201180,0.26,0.3,0.26,0.2795,201180,0.0,1.0
RELI,2019-12-11 00:00:00+00:00,0.283,0.3025,0.27,0.2913,48436,0.283,0.3025,0.27,0.2913,48436,0.0,1.0
RELI,2019-12-12 00:00:00+00:00,0.305,0.305,0.27735,0.27735,28037,0.305,0.305,0.27735,0.27735,28037,0.0,1.0
RELI,2019-12-13 00:00:00+00:00,0.292964,0.3,0.27,0.27,66153,0.292964,0.3,0.27,0.27,66153,0.0,1.0
RELI,2019-12-16 00:00:00+00:00,0.2825,0.3002,0.2708,0.3001,52065,0.2825,0.3002,0.2708,0.3001,52065,0.0,1.0
RELI,2019-12-17 00:00:00+00:00,0.2869,0.3003,0.2265,0.2265,26358,0.2869,0.3003,0.2265,0.2265,26358,0.0,1.0
RELI,2019-12-18 00:00:00+00:00,0.295025,0.3,0.278,0.28564,53350,0.295025,0.3,0.278,0.28564,53350,0.0,1.0
RELI,2019-12-19 00:00:00+00:00,0.315,0.33,0.296792,0.29875,79320,0.315,0.33,0.296792,0.29875,79320,0.0,1.0
RELI,2019-12-20 00:00:00+00:00,0.301,0.325,0.29755,0.315,12521,0.301,0.325,0.29755,0.315,12521,0.0,1.0
RELI,2019-12-23 00:00:00+00:00,0.305,0.31,0.2751,0.29,47100,0.305,0.31,0.2751,0.29,47100,0.0,1.0
RELI,2019-12-24 00:00:00+00:00,0.3099,0.3099,0.27,0.3015,18370,0.3099,0.3099,0.27,0.3015,18370,0.0,1.0
RELI,2019-12-26 00:00:00+00:00,0.2875,0.327,0.28,0.327,20679,0.2875,0.327,0.28,0.327,20679,0.0,1.0
RELI,2019-12-27 00:00:00+00:00,0.3,0.3,0.285,0.29,25700,0.3,0.3,0.285,0.29,25700,0.0,1.0
RELI,2019-12-30 00:00:00+00:00,0.305,0.315,0.281,0.3,47518,0.305,0.315,0.281,0.3,47518,0.0,1.0
RELI,2019-12-31 00:00:00+00:00,0.33,0.33,0.3,0.3075,21729,0.33,0.33,0.3,0.3075,21729,0.0,1.0
RELI,2020-01-02 00:00:00+00:00,0.3384,0.3384,0.32,0.325,124585,0.3384,0.3384,0.32,0.325,124585,0.0,1.0
RELI,2020-01-03 00:00:00+00:00,0.368,0.382,0.27,0.3,192321,0.368,0.382,0.27,0.3,192321,0.0,1.0
RELI,2020-01-06 00:00:00+00:00,0.3998,0.4,0.36045,0.392525,113578,0.3998,0.4,0.36045,0.392525,113578,0.0,1.0
RELI,2020-01-07 00:00:00+00:00,0.38,0.405,0.3799,0.381,316217,0.38,0.405,0.3799,0.381,316217,0.0,1.0
RELI,2020-01-08 00:00:00+00:00,0.3998,0.404,0.37,0.38,38533,0.3998,0.404,0.37,0.38,38533,0.0,1.0
RELI,2020-01-09 00:00:00+00:00,0.39025,0.425,0.3702,0.425,55096,0.39025,0.425,0.3702,0.425,55096,0.0,1.0
RELI,2020-01-10 00:00:00+00:00,0.385,0.39995,0.3683,0.3951,57713,0.385,0.39995,0.3683,0.3951,57713,0.0,1.0
RELI,2020-01-13 00:00:00+00:00,0.3999,0.4,0.383,0.399,31590,0.3999,0.4,0.383,0.399,31590,0.0,1.0
RELI,2020-01-14 00:00:00+00:00,0.4899,0.4899,0.3733,0.3733,198005,0.4899,0.4899,0.3733,0.3733,198005,0.0,1.0
RELI,2020-01-15 00:00:00+00:00,0.52,0.5494,0.43505,0.5,138652,0.52,0.5494,0.43505,0.5,138652,0.0,1.0
RELI,2020-01-16 00:00:00+00:00,0.62,0.699,0.5,0.5,413238,0.62,0.699,0.5,0.5,413238,0.0,1.0
RELI,2020-01-17 00:00:00+00:00,0.715,0.74,0.639975,0.65,365588,0.715,0.74,0.639975,0.65,365588,0.0,1.0
RELI,2020-01-21 00:00:00+00:00,0.756,0.756,0.63,0.73,282653,0.756,0.756,0.63,0.73,282653,0.0,1.0
RELI,2020-01-22 00:00:00+00:00,0.81,0.8849,0.765,0.7899,335372,0.81,0.8849,0.765,0.7899,335372,0.0,1.0
RELI,2020-01-23 00:00:00+00:00,0.87,0.87,0.75,0.83,215900,0.87,0.87,0.75,0.83,215900,0.0,1.0
RELI,2020-01-24 00:00:00+00:00,0.905,0.97,0.8,0.87,710482,0.905,0.97,0.8,0.87,710482,0.0,1.0
RELI,2020-01-27 00:00:00+00:00,0.88,0.93,0.88,0.92,149602,0.88,0.93,0.88,0.92,149602,0.0,1.0
RELI,2020-01-28 00:00:00+00:00,0.88,0.92,0.81,0.88,226109,0.88,0.92,0.81,0.88,226109,0.0,1.0
RELI,2020-01-29 00:00:00+00:00,0.79,0.89,0.74,0.89,387946,0.79,0.89,0.74,0.89,387946,0.0,1.0
RELI,2020-01-30 00:00:00+00:00,0.7325,0.79,0.70375,0.77,222019,0.7325,0.79,0.70375,0.77,222019,0.0,1.0
RELI,2020-01-31 00:00:00+00:00,0.8029,0.8322,0.72625,0.72625,141261,0.8029,0.8322,0.72625,0.72625,141261,0.0,1.0
RELI,2020-02-03 00:00:00+00:00,0.8,0.9,0.773725,0.9,25984,0.8,0.9,0.773725,0.9,25984,0.0,1.0
RELI,2020-02-04 00:00:00+00:00,0.862,0.89,0.79,0.89,70833,0.862,0.89,0.79,0.89,70833,0.0,1.0
RELI,2020-02-05 00:00:00+00:00,0.814,0.88,0.813,0.87,64627,0.814,0.88,0.813,0.87,64627,0.0,1.0
RELI,2020-02-06 00:00:00+00:00,0.85,0.86,0.7755,0.85,60875,0.85,0.86,0.7755,0.85,60875,0.0,1.0
RELI,2020-02-07 00:00:00+00:00,0.8,0.85,0.78,0.831375,29309,0.8,0.85,0.78,0.831375,29309,0.0,1.0
RELI,2020-02-10 00:00:00+00:00,0.8,0.88,0.783,0.783,11968,0.8,0.88,0.783,0.783,11968,0.0,1.0
RELI,2020-02-11 00:00:00+00:00,0.72,0.805,0.68,0.785,206076,0.72,0.805,0.68,0.785,206076,0.0,1.0
RELI,2020-02-12 00:00:00+00:00,0.68,0.695,0.524923,0.69125,258250,0.68,0.695,0.524923,0.69125,258250,0.0,1.0
RELI,2020-02-13 00:00:00+00:00,0.73,0.77,0.632,0.669,77895,0.73,0.77,0.632,0.669,77895,0.0,1.0
RELI,2020-02-14 00:00:00+00:00,0.78,0.78,0.7,0.7,207534,0.78,0.78,0.7,0.7,207534,0.0,1.0
RELI,2020-02-18 00:00:00+00:00,0.8127,0.9,0.8,0.82,441064,0.8127,0.9,0.8,0.82,441064,0.0,1.0
RELI,2020-02-19 00:00:00+00:00,0.79765,0.8605,0.78,0.8598,75505,0.79765,0.8605,0.78,0.8598,75505,0.0,1.0
RELI,2020-02-20 00:00:00+00:00,0.8199,0.85,0.76,0.8,44255,0.8199,0.85,0.76,0.8,44255,0.0,1.0
RELI,2020-02-21 00:00:00+00:00,0.792,0.8199,0.731,0.8,58046,0.792,0.8199,0.731,0.8,58046,0.0,1.0
RELI,2020-02-24 00:00:00+00:00,0.72,0.825,0.65,0.825,238064,0.72,0.825,0.65,0.825,238064,0.0,1.0
RELI,2020-02-25 00:00:00+00:00,0.64,0.7418,0.5955,0.7418,160926,0.64,0.7418,0.5955,0.7418,160926,0.0,1.0
RELI,2020-02-26 00:00:00+00:00,0.69,0.7136,0.6545,0.7136,24733,0.69,0.7136,0.6545,0.7136,24733,0.0,1.0
RELI,2020-02-27 00:00:00+00:00,0.705,0.708,0.62,0.631,117588,0.705,0.708,0.62,0.631,117588,0.0,1.0
RELI,2020-02-28 00:00:00+00:00,0.66625,0.695,0.65,0.68595,37532,0.66625,0.695,0.65,0.68595,37532,0.0,1.0
RELI,2020-03-02 00:00:00+00:00,0.68,0.7,0.545,0.655,135539,0.68,0.7,0.545,0.655,135539,0.0,1.0
RELI,2020-03-03 00:00:00+00:00,0.65,0.7,0.6,0.7,58679,0.65,0.7,0.6,0.7,58679,0.0,1.0
RELI,2020-03-04 00:00:00+00:00,0.6675,0.6999,0.635,0.6999,5050,0.6675,0.6999,0.635,0.6999,5050,0.0,1.0
RELI,2020-03-05 00:00:00+00:00,0.605,0.63,0.5001,0.63,128909,0.605,0.63,0.5001,0.63,128909,0.0,1.0
RELI,2020-03-06 00:00:00+00:00,0.49,0.61,0.4401,0.61,312306,0.49,0.61,0.4401,0.61,312306,0.0,1.0
RELI,2020-03-09 00:00:00+00:00,0.4,0.5,0.29,0.4998,426582,0.4,0.5,0.29,0.4998,426582,0.0,1.0
RELI,2020-03-10 00:00:00+00:00,0.55,0.57,0.36,0.36,134871,0.55,0.57,0.36,0.36,134871,0.0,1.0
RELI,2020-03-11 00:00:00+00:00,0.4599,0.55,0.4101,0.549,95667,0.4599,0.55,0.4101,0.549,95667,0.0,1.0
RELI,2020-03-12 00:00:00+00:00,0.38,0.45245,0.36,0.45245,294706,0.38,0.45245,0.36,0.45245,294706,0.0,1.0
RELI,2020-03-13 00:00:00+00:00,0.385,0.4588,0.37,0.4099,174728,0.385,0.4588,0.37,0.4099,174728,0.0,1.0
RELI,2020-03-16 00:00:00+00:00,0.38,0.4,0.23,0.4,452756,0.38,0.4,0.23,0.4,452756,0.0,1.0
RELI,2020-03-17 00:00:00+00:00,0.352425,0.382425,0.3,0.38,124763,0.352425,0.382425,0.3,0.38,124763,0.0,1.0
RELI,2020-03-18 00:00:00+00:00,0.24,0.31,0.24,0.31,578233,0.24,0.31,0.24,0.31,578233,0.0,1.0
RELI,2020-03-19 00:00:00+00:00,0.375,0.4,0.24,0.24,216427,0.375,0.4,0.24,0.24,216427,0.0,1.0
RELI,2020-03-20 00:00:00+00:00,0.39,0.42,0.302,0.405,62968,0.39,0.42,0.302,0.405,62968,0.0,1.0
RELI,2020-03-23 00:00:00+00:00,0.312525,0.34755,0.2701,0.3201,228070,0.312525,0.34755,0.2701,0.3201,228070,0.0,1.0
RELI,2020-03-24 00:00:00+00:00,0.35,0.352,0.3,0.315,171117,0.35,0.352,0.3,0.315,171117,0.0,1.0
RELI,2020-03-25 00:00:00+00:00,0.3745,0.375,0.32,0.35,59611,0.3745,0.375,0.32,0.35,59611,0.0,1.0
RELI,2020-03-26 00:00:00+00:00,0.312,0.3725,0.312,0.3725,121734,0.312,0.3725,0.312,0.3725,121734,0.0,1.0
RELI,2020-03-27 00:00:00+00:00,0.3265,0.338,0.27,0.31925,326388,0.3265,0.338,0.27,0.31925,326388,0.0,1.0
RELI,2020-03-30 00:00:00+00:00,0.2835,0.3298,0.283,0.315,264991,0.2835,0.3298,0.283,0.315,264991,0.0,1.0
RELI,2020-03-31 00:00:00+00:00,0.3078,0.3248,0.28,0.28,66402,0.3078,0.3248,0.28,0.28,66402,0.0,1.0
RELI,2020-04-01 00:00:00+00:00,0.3499,0.43,0.2925,0.2925,244293,0.3499,0.43,0.2925,0.2925,244293,0.0,1.0
RELI,2020-04-02 00:00:00+00:00,0.325,0.3499,0.32,0.325,104716,0.325,0.3499,0.32,0.325,104716,0.0,1.0
RELI,2020-04-03 00:00:00+00:00,0.33,0.3375,0.3,0.306,40295,0.33,0.3375,0.3,0.306,40295,0.0,1.0
RELI,2020-04-06 00:00:00+00:00,0.349,0.349,0.3025,0.3375,109153,0.349,0.349,0.3025,0.3375,109153,0.0,1.0
RELI,2020-04-07 00:00:00+00:00,0.35,0.369,0.323,0.359,78302,0.35,0.369,0.323,0.359,78302,0.0,1.0
RELI,2020-04-08 00:00:00+00:00,0.325,0.3565,0.3155,0.341,68398,0.325,0.3565,0.3155,0.341,68398,0.0,1.0
RELI,2020-04-09 00:00:00+00:00,0.315,0.334288,0.3,0.3215,249605,0.315,0.334288,0.3,0.3215,249605,0.0,1.0
RELI,2020-04-13 00:00:00+00:00,0.32695,0.3395,0.313,0.31575,34354,0.32695,0.3395,0.313,0.31575,34354,0.0,1.0
RELI,2020-04-14 00:00:00+00:00,0.33275,0.34,0.332,0.3399,28462,0.33275,0.34,0.332,0.3399,28462,0.0,1.0
RELI,2020-04-15 00:00:00+00:00,0.336,0.3395,0.3325,0.33775,24884,0.336,0.3395,0.3325,0.33775,24884,0.0,1.0
RELI,2020-04-16 00:00:00+00:00,0.3499,0.35,0.3275,0.34,32658,0.3499,0.35,0.3275,0.34,32658,0.0,1.0
RELI,2020-04-17 00:00:00+00:00,0.3955,0.5195,0.35,0.35,85039,0.3955,0.5195,0.35,0.35,85039,0.0,1.0
RELI,2020-04-20 00:00:00+00:00,0.435,0.5,0.3955,0.3955,36119,0.435,0.5,0.3955,0.3955,36119,0.0,1.0
RELI,2020-04-21 00:00:00+00:00,0.434,0.434,0.38,0.4,48250,0.434,0.434,0.38,0.4,48250,0.0,1.0
RELI,2020-04-22 00:00:00+00:00,0.383,0.44,0.366,0.43425,88093,0.383,0.44,0.366,0.43425,88093,0.0,1.0
RELI,2020-04-23 00:00:00+00:00,0.377,0.42,0.35,0.42,135230,0.377,0.42,0.35,0.42,135230,0.0,1.0
RELI,2020-04-24 00:00:00+00:00,0.3695,0.394,0.35,0.392,69409,0.3695,0.394,0.35,0.392,69409,0.0,1.0
RELI,2020-04-27 00:00:00+00:00,0.39,0.395,0.345,0.355,105904,0.39,0.395,0.345,0.355,105904,0.0,1.0
RELI,2020-04-28 00:00:00+00:00,0.3799,0.3899,0.355,0.355,46243,0.3799,0.3899,0.355,0.355,46243,0.0,1.0
RELI,2020-04-29 00:00:00+00:00,0.37,0.38,0.35,0.3505,144822,0.37,0.38,0.35,0.3505,144822,0.0,1.0
RELI,2020-04-30 00:00:00+00:00,0.37,0.376,0.359,0.373,95600,0.37,0.376,0.359,0.373,95600,0.0,1.0
RELI,2020-05-01 00:00:00+00:00,0.3594,0.3719,0.33,0.354,29219,0.3594,0.3719,0.33,0.354,29219,0.0,1.0
RELI,2020-05-04 00:00:00+00:00,0.35,0.3695,0.33,0.36945,121569,0.35,0.3695,0.33,0.36945,121569,0.0,1.0
RELI,2020-05-05 00:00:00+00:00,0.31975,0.3641,0.31,0.3641,124949,0.31975,0.3641,0.31,0.3641,124949,0.0,1.0
RELI,2020-05-06 00:00:00+00:00,0.3395,0.343,0.31,0.335,95014,0.3395,0.343,0.31,0.335,95014,0.0,1.0
RELI,2020-05-07 00:00:00+00:00,0.3525,0.369,0.335,0.335,99931,0.3525,0.369,0.335,0.335,99931,0.0,1.0
RELI,2020-05-08 00:00:00+00:00,0.337,0.376,0.306,0.373,454261,0.337,0.376,0.306,0.373,454261,0.0,1.0
RELI,2020-05-11 00:00:00+00:00,0.3299,0.347,0.3105,0.347,25716,0.3299,0.347,0.3105,0.347,25716,0.0,1.0
RELI,2020-05-12 00:00:00+00:00,0.32,0.3375,0.3111,0.3374,26298,0.32,0.3375,0.3111,0.3374,26298,0.0,1.0
RELI,2020-05-13 00:00:00+00:00,0.3243,0.3375,0.3111,0.32055,41015,0.3243,0.3375,0.3111,0.32055,41015,0.0,1.0
RELI,2020-05-14 00:00:00+00:00,0.337,0.342,0.31,0.342,120866,0.337,0.342,0.31,0.342,120866,0.0,1.0
RELI,2020-05-15 00:00:00+00:00,0.341,0.3434,0.3,0.3433,39569,0.341,0.3434,0.3,0.3433,39569,0.0,1.0
RELI,2020-05-18 00:00:00+00:00,0.3145,0.3434,0.2926,0.2926,81214,0.3145,0.3434,0.2926,0.2926,81214,0.0,1.0
RELI,2020-05-19 00:00:00+00:00,0.329,0.329,0.295,0.301,47025,0.329,0.329,0.295,0.301,47025,0.0,1.0
RELI,2020-05-20 00:00:00+00:00,0.324975,0.339,0.3125,0.3295,25478,0.324975,0.339,0.3125,0.3295,25478,0.0,1.0
RELI,2020-05-21 00:00:00+00:00,0.31425,0.34,0.2876,0.305,272659,0.31425,0.34,0.2876,0.305,272659,0.0,1.0
RELI,2020-05-22 00:00:00+00:00,0.3199,0.325,0.2901,0.2901,28303,0.3199,0.325,0.2901,0.2901,28303,0.0,1.0
RELI,2020-05-26 00:00:00+00:00,0.32,0.32,0.29,0.3199,89661,0.32,0.32,0.29,0.3199,89661,0.0,1.0
RELI,2020-05-27 00:00:00+00:00,0.34,0.4399,0.3075,0.3175,208258,0.34,0.4399,0.3075,0.3175,208258,0.0,1.0
RELI,2020-05-28 00:00:00+00:00,0.34,0.37,0.327,0.3584,36544,0.34,0.37,0.327,0.3584,36544,0.0,1.0
RELI,2020-05-29 00:00:00+00:00,0.31,0.331,0.3,0.331,91697,0.31,0.331,0.3,0.331,91697,0.0,1.0
RELI,2020-06-01 00:00:00+00:00,0.285,0.3149,0.2501,0.3149,516776,0.285,0.3149,0.2501,0.3149,516776,0.0,1.0
RELI,2020-06-02 00:00:00+00:00,0.27,0.283,0.2538,0.281275,229124,0.27,0.283,0.2538,0.281275,229124,0.0,1.0
RELI,2020-06-03 00:00:00+00:00,0.2875,0.3,0.25,0.272,272275,0.2875,0.3,0.25,0.272,272275,0.0,1.0
RELI,2020-06-04 00:00:00+00:00,0.26,0.3395,0.2453,0.31975,540274,0.26,0.3395,0.2453,0.31975,540274,0.0,1.0
RELI,2020-06-05 00:00:00+00:00,0.23,0.259,0.215,0.25,770436,0.23,0.259,0.215,0.25,770436,0.0,1.0
RELI,2020-06-08 00:00:00+00:00,0.19715,0.23,0.1851,0.2201,645017,0.19715,0.23,0.1851,0.2201,645017,0.0,1.0
RELI,2020-06-09 00:00:00+00:00,0.205,0.22,0.19,0.19,299665,0.205,0.22,0.19,0.19,299665,0.0,1.0
RELI,2020-06-10 00:00:00+00:00,0.205,0.22,0.2,0.22,347684,0.205,0.22,0.2,0.22,347684,0.0,1.0
RELI,2020-06-11 00:00:00+00:00,0.1974,0.25,0.19,0.2248,175507,0.1974,0.25,0.19,0.2248,175507,0.0,1.0
RELI,2020-06-12 00:00:00+00:00,0.2495,0.25,0.186535,0.1974,339759,0.2495,0.25,0.186535,0.1974,339759,0.0,1.0
RELI,2020-06-15 00:00:00+00:00,0.21,0.2495,0.19,0.2495,378905,0.21,0.2495,0.19,0.2495,378905,0.0,1.0
RELI,2020-06-16 00:00:00+00:00,0.2134,0.2194,0.2001,0.2194,86924,0.2134,0.2194,0.2001,0.2194,86924,0.0,1.0
RELI,2020-06-17 00:00:00+00:00,0.1998,0.22175,0.19,0.22175,195010,0.1998,0.22175,0.19,0.22175,195010,0.0,1.0
RELI,2020-06-18 00:00:00+00:00,0.1965,0.21375,0.1805,0.1805,134648,0.1965,0.21375,0.1805,0.1805,134648,0.0,1.0
RELI,2020-06-19 00:00:00+00:00,0.2149,0.229,0.1993,0.207,465915,0.2149,0.229,0.1993,0.207,465915,0.0,1.0
RELI,2020-06-22 00:00:00+00:00,0.23,0.2345,0.215,0.215,220838,0.23,0.2345,0.215,0.215,220838,0.0,1.0
RELI,2020-06-23 00:00:00+00:00,0.266375,0.27,0.23,0.2499,354557,0.266375,0.27,0.23,0.2499,354557,0.0,1.0
RELI,2020-06-24 00:00:00+00:00,0.2599,0.27,0.2255,0.27,165175,0.2599,0.27,0.2255,0.27,165175,0.0,1.0
RELI,2020-06-25 00:00:00+00:00,0.206,0.2599,0.201,0.2599,279658,0.206,0.2599,0.201,0.2599,279658,0.0,1.0
RELI,2020-06-26 00:00:00+00:00,0.202,0.2055,0.189,0.204375,206321,0.202,0.2055,0.189,0.204375,206321,0.0,1.0
RELI,2020-06-29 00:00:00+00:00,0.1845,0.204625,0.13,0.204625,781535,0.1845,0.204625,0.13,0.204625,781535,0.0,1.0
RELI,2020-06-30 00:00:00+00:00,0.18925,0.194,0.16825,0.16825,195510,0.18925,0.194,0.16825,0.16825,195510,0.0,1.0
RELI,2020-07-01 00:00:00+00:00,0.1919,0.192,0.16,0.1801,232739,0.1919,0.192,0.16,0.1801,232739,0.0,1.0
RELI,2020-07-02 00:00:00+00:00,0.1897,0.1915,0.165,0.1915,41842,0.1897,0.1915,0.165,0.1915,41842,0.0,1.0
RELI,2020-07-06 00:00:00+00:00,0.21,0.21,0.17,0.192,138200,0.21,0.21,0.17,0.192,138200,0.0,1.0
RELI,2020-07-07 00:00:00+00:00,0.19235,0.2099,0.1852,0.2,59100,0.19235,0.2099,0.1852,0.2,59100,0.0,1.0
RELI,2020-07-08 00:00:00+00:00,0.2198,0.225,0.1702,0.1994,85400,0.2198,0.225,0.1702,0.1994,85400,0.0,1.0
RELI,2020-07-09 00:00:00+00:00,0.199155,0.22,0.19,0.2199,99400,0.199155,0.22,0.19,0.2199,99400,0.0,1.0
RELI,2020-07-10 00:00:00+00:00,0.1986,0.1989,0.181,0.1975,94700,0.1986,0.1989,0.181,0.1975,94700,0.0,1.0
RELI,2020-07-13 00:00:00+00:00,0.1982,0.1989,0.181,0.181,40600,0.1982,0.1989,0.181,0.181,40600,0.0,1.0
RELI,2020-07-14 00:00:00+00:00,0.1898,0.20945,0.17,0.20945,385400,0.1898,0.20945,0.17,0.20945,385400,0.0,1.0
RELI,2020-07-15 00:00:00+00:00,0.1989,0.204,0.182,0.197,195900,0.1989,0.204,0.182,0.197,195900,0.0,1.0
RELI,2020-07-16 00:00:00+00:00,0.19,0.2,0.182,0.19825,187400,0.19,0.2,0.182,0.19825,187400,0.0,1.0
RELI,2020-07-17 00:00:00+00:00,0.1999,0.2,0.183,0.19,132000,0.1999,0.2,0.183,0.19,132000,0.0,1.0
RELI,2020-07-20 00:00:00+00:00,0.19,0.1999,0.1851,0.1999,78100,0.19,0.1999,0.1851,0.1999,78100,0.0,1.0
RELI,2020-07-21 00:00:00+00:00,0.185,0.198,0.185,0.186,96000,0.185,0.198,0.185,0.186,96000,0.0,1.0
RELI,2020-07-22 00:00:00+00:00,0.1775,0.18125,0.175,0.18125,59600,0.1775,0.18125,0.175,0.18125,59600,0.0,1.0
RELI,2020-07-23 00:00:00+00:00,0.175,0.186,0.17,0.186,230230,0.175,0.186,0.17,0.186,230230,0.0,1.0
RELI,2020-07-24 00:00:00+00:00,0.175,0.175,0.15,0.17,245338,0.175,0.175,0.15,0.17,245338,0.0,1.0
RELI,2020-07-27 00:00:00+00:00,0.158,0.18,0.135,0.1625,943950,0.158,0.18,0.135,0.1625,943950,0.0,1.0
RELI,2020-07-28 00:00:00+00:00,0.16975,0.17,0.15,0.17,157962,0.16975,0.17,0.15,0.17,157962,0.0,1.0
RELI,2020-07-29 00:00:00+00:00,0.16,0.162,0.152,0.152,101272,0.16,0.162,0.152,0.152,101272,0.0,1.0
RELI,2020-07-30 00:00:00+00:00,0.1525,0.1575,0.1479,0.1524,154158,0.1525,0.1575,0.1479,0.1524,154158,0.0,1.0
RELI,2020-07-31 00:00:00+00:00,0.1599,0.17,0.1252,0.1695,418320,0.1599,0.17,0.1252,0.1695,418320,0.0,1.0
RELI,2020-08-03 00:00:00+00:00,0.1405,0.1595,0.13,0.1595,486797,0.1405,0.1595,0.13,0.1595,486797,0.0,1.0
RELI,2020-08-04 00:00:00+00:00,0.1375,0.15,0.1275,0.15,198506,0.1375,0.15,0.1275,0.15,198506,0.0,1.0
RELI,2020-08-05 00:00:00+00:00,0.1375,0.14625,0.126,0.126,98917,0.1375,0.14625,0.126,0.126,98917,0.0,1.0
RELI,2020-08-06 00:00:00+00:00,0.1425,0.1475,0.13,0.14745,135210,0.1425,0.1475,0.13,0.14745,135210,0.0,1.0
RELI,2020-08-07 00:00:00+00:00,0.14635,0.1496,0.13675,0.13675,123666,0.14635,0.1496,0.13675,0.13675,123666,0.0,1.0
RELI,2020-08-10 00:00:00+00:00,0.1695,0.175,0.143,0.1462,278619,0.1695,0.175,0.143,0.1462,278619,0.0,1.0
RELI,2020-08-11 00:00:00+00:00,0.165,0.176,0.151,0.176,192490,0.165,0.176,0.151,0.176,192490,0.0,1.0
RELI,2020-08-12 00:00:00+00:00,0.156675,0.176,0.15,0.1501,181801,0.156675,0.176,0.15,0.1501,181801,0.0,1.0
RELI,2020-08-13 00:00:00+00:00,0.17,0.17,0.155,0.155,430933,0.17,0.17,0.155,0.155,430933,0.0,1.0
RELI,2020-08-14 00:00:00+00:00,0.1425,0.173,0.12755,0.173,759328,0.1425,0.173,0.12755,0.173,759328,0.0,1.0
RELI,2020-08-17 00:00:00+00:00,0.128,0.1425,0.0931,0.1425,1135169,0.128,0.1425,0.0931,0.1425,1135169,0.0,1.0
RELI,2020-08-18 00:00:00+00:00,0.1258,0.13,0.12,0.13,222012,0.1258,0.13,0.12,0.13,222012,0.0,1.0
RELI,2020-08-19 00:00:00+00:00,0.1295,0.1296,0.1102,0.12,215450,0.1295,0.1296,0.1102,0.12,215450,0.0,1.0
RELI,2020-08-20 00:00:00+00:00,0.1215,0.125,0.118,0.125,88263,0.1215,0.125,0.118,0.125,88263,0.0,1.0
RELI,2020-08-21 00:00:00+00:00,0.129,0.129,0.1125,0.12,284777,0.129,0.129,0.1125,0.12,284777,0.0,1.0
RELI,2020-08-24 00:00:00+00:00,0.1199,0.14225,0.1024,0.14225,748945,0.1199,0.14225,0.1024,0.14225,748945,0.0,1.0
RELI,2020-08-25 00:00:00+00:00,0.1139,0.1174,0.1036,0.109375,237740,0.1139,0.1174,0.1036,0.109375,237740,0.0,1.0
RELI,2020-08-26 00:00:00+00:00,0.111875,0.1199,0.101,0.1199,491211,0.111875,0.1199,0.101,0.1199,491211,0.0,1.0
RELI,2020-08-27 00:00:00+00:00,0.1125,0.115,0.105,0.1099,146785,0.1125,0.115,0.105,0.1099,146785,0.0,1.0
RELI,2020-08-28 00:00:00+00:00,0.11,0.110575,0.105,0.105,83090,0.11,0.110575,0.105,0.105,83090,0.0,1.0
RELI,2020-08-31 00:00:00+00:00,0.11,0.12,0.106,0.11,110117,0.11,0.12,0.106,0.11,110117,0.0,1.0
RELI,2020-09-01 00:00:00+00:00,0.115,0.115,0.11,0.11,101125,0.115,0.115,0.11,0.11,101125,0.0,1.0
RELI,2020-09-02 00:00:00+00:00,0.1175,0.1175,0.11175,0.115,90670,0.1175,0.1175,0.11175,0.115,90670,0.0,1.0
RELI,2020-09-03 00:00:00+00:00,0.1175,0.12,0.111,0.11875,36935,0.1175,0.12,0.111,0.11875,36935,0.0,1.0
RELI,2020-09-04 00:00:00+00:00,0.15,0.162,0.1175,0.1175,561353,0.15,0.162,0.1175,0.1175,561353,0.0,1.0
RELI,2020-09-08 00:00:00+00:00,0.16,0.162,0.131,0.16,299984,0.16,0.162,0.131,0.16,299984,0.0,1.0
RELI,2020-09-09 00:00:00+00:00,0.17,0.17,0.146,0.165,492021,0.17,0.17,0.146,0.165,492021,0.0,1.0
RELI,2020-09-10 00:00:00+00:00,0.17,0.176,0.155,0.176,149120,0.17,0.176,0.155,0.176,149120,0.0,1.0
RELI,2020-09-11 00:00:00+00:00,0.166,0.175,0.162,0.17,218640,0.166,0.175,0.162,0.17,218640,0.0,1.0
RELI,2020-09-14 00:00:00+00:00,0.163,0.166,0.153525,0.166,142457,0.163,0.166,0.153525,0.166,142457,0.0,1.0
RELI,2020-09-15 00:00:00+00:00,0.1699,0.175,0.105,0.16555,180045,0.1699,0.175,0.105,0.16555,180045,0.0,1.0
RELI,2020-09-16 00:00:00+00:00,0.17,0.175,0.138,0.17,40553,0.17,0.175,0.138,0.17,40553,0.0,1.0
RELI,2020-09-17 00:00:00+00:00,0.164425,0.17,0.149,0.17,22545,0.164425,0.17,0.149,0.17,22545,0.0,1.0
RELI,2020-09-18 00:00:00+00:00,0.1649,0.1695,0.1492,0.1695,101321,0.1649,0.1695,0.1492,0.1695,101321,0.0,1.0
RELI,2020-09-21 00:00:00+00:00,0.1375,0.15435,0.1245,0.15435,114956,0.1375,0.15435,0.1245,0.15435,114956,0.0,1.0
RELI,2020-09-22 00:00:00+00:00,0.139,0.145,0.13,0.13975,124070,0.139,0.145,0.13,0.13975,124070,0.0,1.0
RELI,2020-09-23 00:00:00+00:00,0.1396,0.14,0.12055,0.1359,265947,0.1396,0.14,0.12055,0.1359,265947,0.0,1.0
RELI,2020-09-24 00:00:00+00:00,0.1294,0.138,0.1151,0.11605,127444,0.1294,0.138,0.1151,0.11605,127444,0.0,1.0
RELI,2020-09-25 00:00:00+00:00,0.11895,0.131925,0.1155,0.13,244285,0.11895,0.131925,0.1155,0.13,244285,0.0,1.0
RELI,2020-09-28 00:00:00+00:00,0.1434,0.1434,0.106,0.118575,75224,0.1434,0.1434,0.106,0.118575,75224,0.0,1.0
RELI,2020-09-29 00:00:00+00:00,0.14,0.14,0.11055,0.12505,83149,0.14,0.14,0.11055,0.12505,83149,0.0,1.0
RELI,2020-09-30 00:00:00+00:00,0.1389,0.15,0.111,0.1432,65143,0.1389,0.15,0.111,0.1432,65143,0.0,1.0
RELI,2020-10-01 00:00:00+00:00,0.1249,0.139,0.12,0.13565,48638,0.1249,0.139,0.12,0.13565,48638,0.0,1.0
RELI,2020-10-02 00:00:00+00:00,0.1249,0.139,0.115,0.139,122600,0.1249,0.139,0.115,0.139,122600,0.0,1.0
RELI,2020-10-05 00:00:00+00:00,0.1345,0.139,0.1118,0.1118,52982,0.1345,0.139,0.1118,0.1118,52982,0.0,1.0
RELI,2020-10-06 00:00:00+00:00,0.134625,0.134625,0.121,0.1249,51278,0.134625,0.134625,0.121,0.1249,51278,0.0,1.0
RELI,2020-10-07 00:00:00+00:00,0.1225,0.128,0.11505,0.128,98405,0.1225,0.128,0.11505,0.128,98405,0.0,1.0
RELI,2020-10-08 00:00:00+00:00,0.1361,0.139,0.1216,0.12665,122884,0.1361,0.139,0.1216,0.12665,122884,0.0,1.0
